-- phpMyAdmin SQL Dump
-- version 4.9.7
-- https://www.phpmyadmin.net/
--
-- Host: localhost:3306
-- Generation Time: Jun 20, 2022 at 09:15 AM
-- Server version: 10.5.15-MariaDB-cll-lve
-- PHP Version: 7.4.29

SET SQL_MODE = "NO_AUTO_VALUE_ON_ZERO";
SET AUTOCOMMIT = 0;
START TRANSACTION;
SET time_zone = "+00:00";


/*!40101 SET @OLD_CHARACTER_SET_CLIENT=@@CHARACTER_SET_CLIENT */;
/*!40101 SET @OLD_CHARACTER_SET_RESULTS=@@CHARACTER_SET_RESULTS */;
/*!40101 SET @OLD_COLLATION_CONNECTION=@@COLLATION_CONNECTION */;
/*!40101 SET NAMES utf8mb4 */;

--
-- Database: `u1796449_ayominumamanah`
--

-- --------------------------------------------------------

--
-- Table structure for table `armada`
--

CREATE TABLE `armada` (
  `id` int(4) NOT NULL,
  `plat` varchar(11) NOT NULL,
  `jenis_mobil` enum('PS','ENGKEL','L300','FUSO','GRAN MAX') NOT NULL,
  `kateg_mobil` enum('S','M','L','XL') NOT NULL,
  `kecepatan_kosong` int(3) NOT NULL,
  `kecepatan_muatan` int(3) NOT NULL,
  `tanggal_registrasi` datetime NOT NULL DEFAULT current_timestamp(),
  `tanggal_update_data` timestamp NULL DEFAULT current_timestamp() ON UPDATE current_timestamp(),
  `status_keaktifan` enum('AKTIF','NON AKTIF') NOT NULL DEFAULT 'AKTIF'
) ENGINE=InnoDB DEFAULT CHARSET=latin1;

--
-- Dumping data for table `armada`
--

INSERT INTO `armada` (`id`, `plat`, `jenis_mobil`, `kateg_mobil`, `kecepatan_kosong`, `kecepatan_muatan`, `tanggal_registrasi`, `tanggal_update_data`, `status_keaktifan`) VALUES
(1, 'DA 8062 PR', 'PS', 'L', 50, 35, '2019-12-16 23:40:35', '2022-03-18 04:18:35', 'AKTIF'),
(2, 'DA 8063 PQ', 'ENGKEL', 'M', 55, 40, '2019-12-16 23:43:03', '2022-04-08 03:23:17', 'NON AKTIF'),
(3, 'DA 8063 PR', 'ENGKEL', 'M', 55, 40, '2019-12-16 23:43:03', '2020-11-01 13:13:33', 'AKTIF'),
(4, 'DA 8148 PQ', 'L300', 'S', 55, 40, '2019-12-16 23:46:39', '2020-11-01 13:13:48', 'AKTIF'),
(5, 'DA 8148 PR', 'L300', 'S', 55, 40, '2019-12-16 23:46:39', '2020-11-01 13:13:48', 'AKTIF'),
(6, 'DA 8160 PR', 'FUSO', 'XL', 45, 30, '2019-12-16 23:47:31', '2020-11-03 03:47:44', 'AKTIF'),
(7, 'DA 8170 PQ', 'FUSO', 'XL', 45, 30, '2019-12-16 23:47:31', '2020-11-03 03:47:44', 'AKTIF'),
(8, 'DA 8540 PP', 'PS', 'L', 50, 35, '2019-12-16 23:40:35', '2020-11-03 03:47:44', 'AKTIF'),
(9, 'DA 8956 PP', 'ENGKEL', 'M', 55, 40, '2019-12-16 23:43:03', '2020-11-01 13:13:33', 'AKTIF'),
(10, 'DA 8704 TPC', 'PS', 'L', 50, 35, '2019-12-16 23:40:35', '2020-11-03 03:47:44', 'AKTIF'),
(12, 'DA 8754 PM', 'ENGKEL', 'M', 55, 40, '2019-12-16 23:43:03', '2020-11-01 13:13:33', 'AKTIF'),
(13, 'DA 8790 TPB', 'L300', 'S', 55, 40, '2019-12-16 23:46:39', '2020-11-01 13:13:48', 'AKTIF'),
(14, 'DA 8913 TPC', 'L300', 'S', 55, 40, '2019-12-16 23:46:39', '2020-11-01 13:13:48', 'AKTIF'),
(15, 'DA 8950 TPB', 'GRAN MAX', 'S', 55, 40, '2019-12-16 23:46:39', '2020-11-01 13:13:48', 'AKTIF'),
(16, 'DA 8727 PR', 'GRAN MAX', 'S', 55, 40, '2019-12-16 23:46:39', '2020-11-01 13:13:48', 'AKTIF'),
(17, 'DA 8238 PT', 'PS', 'L', 50, 35, '2019-12-16 23:40:35', '2020-11-03 03:47:44', 'AKTIF'),
(18, 'DA 8068 PU', 'L300', 'S', 55, 40, '2019-12-16 23:46:39', '2020-11-01 13:13:48', 'AKTIF'),
(19, 'DA 8017 TPF', 'PS', 'L', 50, 35, '2020-08-03 10:29:27', '2020-11-03 03:47:44', 'AKTIF'),
(25, 'DA 6666 AD', 'ENGKEL', 'M', 55, 40, '2022-04-18 10:00:01', '2022-04-18 02:00:01', 'AKTIF');

-- --------------------------------------------------------

--
-- Table structure for table `distribusi`
--

CREATE TABLE `distribusi` (
  `id` int(11) NOT NULL,
  `tanggal` timestamp NULL DEFAULT current_timestamp(),
  `no_perjalanan` varchar(20) NOT NULL,
  `id_plat` int(4) NOT NULL,
  `driver` int(4) DEFAULT NULL,
  `helper_1` int(4) DEFAULT NULL,
  `helper_2` int(4) DEFAULT NULL,
  `nama_pel_1` int(11) DEFAULT NULL,
  `nama_pel_2` int(11) DEFAULT NULL,
  `nama_pel_3` int(11) DEFAULT NULL,
  `bongkar` enum('0','1') DEFAULT NULL,
  `cup1` int(4) DEFAULT 0,
  `a3301` int(4) DEFAULT 0,
  `a5001` int(4) DEFAULT 0,
  `a6001` int(4) DEFAULT 0,
  `refill1` int(4) DEFAULT 0,
  `cup2` int(4) DEFAULT 0,
  `a3302` int(4) DEFAULT 0,
  `a5002` int(4) DEFAULT 0,
  `a6002` int(4) DEFAULT 0,
  `refill2` int(4) DEFAULT 0,
  `cup3` int(4) DEFAULT 0,
  `a3303` int(4) DEFAULT 0,
  `a5003` int(4) DEFAULT 0,
  `a6003` int(4) DEFAULT 0,
  `refill3` int(4) DEFAULT 0,
  `jam_berangkat` datetime DEFAULT NULL,
  `estimasi_jam_datang` datetime DEFAULT NULL,
  `jam_datang` datetime DEFAULT NULL,
  `keterangan` varchar(255) DEFAULT NULL,
  `tgl_validasi` datetime DEFAULT NULL,
  `validasi_oleh` int(11) DEFAULT NULL,
  `status` enum('0','1','2','3') NOT NULL DEFAULT '0' COMMENT '0 = perlu validasi\r\n1 = sudah validasi\r\n2 = perlu validasi UM\r\n3 completed'
) ENGINE=InnoDB DEFAULT CHARSET=latin1;

--
-- Dumping data for table `distribusi`
--

INSERT INTO `distribusi` (`id`, `tanggal`, `no_perjalanan`, `id_plat`, `driver`, `helper_1`, `helper_2`, `nama_pel_1`, `nama_pel_2`, `nama_pel_3`, `bongkar`, `cup1`, `a3301`, `a5001`, `a6001`, `refill1`, `cup2`, `a3302`, `a5002`, `a6002`, `refill2`, `cup3`, `a3303`, `a5003`, `a6003`, `refill3`, `jam_berangkat`, `estimasi_jam_datang`, `jam_datang`, `keterangan`, `tgl_validasi`, `validasi_oleh`, `status`) VALUES
(4231, '2022-01-01 09:00:31', 'NJ/2022/01/0001', 5, 9, 13, NULL, 19, NULL, NULL, '', 0, 0, 0, 0, 101, 0, 0, 0, 0, 0, 0, 0, 0, 0, 0, '2022-01-01 17:00:31', '2022-01-01 18:28:53', '2022-01-01 18:28:35', NULL, '2022-01-08 08:34:59', 0, '0'),
(4232, '2022-01-03 02:18:45', 'NJ/2022/01/0002', 9, 9, 13, NULL, 212, 10, NULL, '', 0, 0, 0, 0, 95, 0, 0, 0, 0, 95, 0, 0, 0, 0, 0, '2022-01-03 10:18:45', '2022-01-03 13:21:07', '2022-01-03 14:01:35', NULL, '2022-01-08 08:35:47', 0, '0'),
(4233, '2022-01-03 03:33:37', 'NJ/2022/01/0003', 6, 37, NULL, NULL, 229, NULL, NULL, '', 1025, 10, 0, 230, 0, 0, 0, 0, 0, 0, 0, 0, 0, 0, 0, '2022-01-03 11:33:37', '2022-01-03 16:57:13', '2022-01-03 19:31:35', 'kepecan ban di pal 17', '2022-01-13 15:18:23', 0, '0'),
(4234, '2022-01-03 03:46:15', 'NJ/2022/01/0004', 12, 15, 30, NULL, 192, 34, NULL, '', 0, 0, 0, 0, 61, 0, 0, 0, 0, 101, 0, 0, 0, 0, 0, '2022-01-03 11:46:15', '2022-01-03 14:30:37', '2022-01-03 14:30:35', NULL, '2022-01-08 08:38:22', 0, '0'),
(4235, '2022-01-03 04:07:05', 'NJ/2022/01/0005', 17, 11, 17, NULL, 229, NULL, NULL, '', 0, 0, 0, 0, 305, 0, 0, 0, 0, 0, 0, 0, 0, 0, 0, '2022-01-03 12:07:05', '2022-01-03 15:26:26', '2022-01-03 17:07:35', NULL, '2022-01-08 08:40:09', 0, '0'),
(4236, '2022-01-03 07:41:00', 'NJ/2022/01/0006', 12, 15, 33, NULL, 93, 229, NULL, '', 0, 0, 0, 0, 91, 0, 0, 0, 0, 100, 0, 0, 0, 0, 0, '2022-01-03 15:41:00', '2022-01-03 19:17:03', '2022-01-04 19:06:34', NULL, '2022-01-08 08:42:44', 0, '0'),
(4237, '2022-01-03 06:50:16', 'NJ/2022/01/0007', 1, 2, 30, NULL, 6, NULL, NULL, '', 150, 0, 0, 0, 165, 0, 0, 0, 0, 0, 0, 0, 0, 0, 0, '2022-01-03 14:50:16', '2022-01-04 00:33:10', '2022-01-04 05:20:05', 'kerusakan armada', '2022-01-08 09:22:32', 0, '0'),
(4238, '2022-01-03 07:05:26', 'NJ/2022/01/0008', 9, 9, 13, NULL, 208, 179, NULL, '', 0, 0, 0, 0, 27, 0, 0, 0, 0, 100, 0, 0, 0, 0, 0, '2022-01-03 15:05:26', '2022-01-03 17:41:13', '2022-01-04 17:50:34', NULL, '2022-01-08 08:42:20', 0, '0'),
(4239, '2022-01-03 10:26:29', 'NJ/2022/01/0009', 9, 9, 13, NULL, 187, NULL, NULL, '', 50, 0, 0, 0, 100, 0, 0, 0, 0, 0, 0, 0, 0, 0, 0, '2022-01-03 18:26:29', '2022-01-03 21:37:30', '2022-01-03 23:05:34', NULL, '2022-01-08 08:43:21', 0, '0'),
(4240, '2022-01-03 11:36:46', 'NJ/2022/01/0010', 10, 12, NULL, NULL, 229, NULL, NULL, '', 0, 5, 0, 0, 300, 0, 0, 0, 0, 0, 0, 0, 0, 0, 0, '2022-01-03 19:36:46', '2022-01-03 21:04:11', '2022-01-03 22:14:05', NULL, '2022-01-08 08:43:45', 0, '0'),
(4241, '2022-01-04 02:34:02', 'NJ/2022/01/0011', 12, 15, 32, NULL, 229, NULL, NULL, '', 0, 4, 0, 0, 160, 0, 0, 0, 0, 0, 0, 0, 0, 0, 0, '2022-01-04 10:34:02', '2022-01-04 12:50:11', '2022-01-04 13:40:05', NULL, '2022-01-08 08:45:30', 0, '0'),
(4242, '2022-01-04 03:26:14', 'NJ/2022/01/0012', 17, 11, 16, NULL, 159, NULL, NULL, '', 30, 0, 0, 0, 251, 0, 0, 0, 0, 0, 0, 0, 0, 0, 0, '2022-01-04 11:26:14', '2022-01-05 00:11:49', '2022-01-05 05:35:05', NULL, '2022-01-08 08:45:56', 0, '0'),
(4243, '2022-01-04 03:32:18', 'NJ/2022/01/0013', 9, 9, 13, NULL, 216, NULL, NULL, '', 0, 0, 0, 50, 140, 0, 0, 0, 0, 0, 0, 0, 0, 0, 0, '2022-01-04 11:32:18', '2022-01-04 13:30:42', '2022-01-04 14:12:05', NULL, '2022-01-08 09:21:32', 0, '0'),
(4244, '2022-01-04 04:16:20', 'NJ/2022/01/0014', 8, 37, NULL, NULL, 229, NULL, NULL, '', 0, 0, 0, 0, 315, 0, 0, 0, 0, 0, 0, 0, 0, 0, 0, '2022-01-04 12:16:20', '2022-01-04 15:37:30', '2022-01-04 15:04:05', NULL, '2022-01-08 09:22:14', 0, '0'),
(4245, '2022-01-04 06:19:27', 'NJ/2022/01/0015', 1, 2, 30, NULL, 30, NULL, NULL, '', 600, 0, 0, 25, 0, 0, 0, 0, 0, 0, 0, 0, 0, 0, 0, '2022-01-04 14:19:27', '2022-01-05 01:04:28', NULL, NULL, NULL, 0, '0'),
(4246, '2022-01-04 06:32:44', 'NJ/2022/01/0016', 12, 15, 27, NULL, 41, 128, NULL, '', 0, 0, 0, 0, 100, 0, 0, 0, 0, 100, 0, 0, 0, 0, 0, '2022-01-04 14:32:44', '2022-01-04 19:00:36', '2022-01-04 19:24:05', NULL, '2022-01-08 09:23:03', 0, '0'),
(4247, '2022-01-04 07:02:07', 'NJ/2022/01/0017', 9, 9, 13, NULL, 229, NULL, NULL, '', 0, 0, 0, 0, 200, 0, 0, 0, 0, 0, 0, 0, 0, 0, 0, '2022-01-04 15:02:07', '2022-01-04 17:32:03', '2022-01-04 18:18:05', NULL, '2022-01-08 09:23:31', 0, '0'),
(4248, '2022-01-04 08:19:17', 'NJ/2022/01/0018', 10, 37, 32, NULL, 75, 129, NULL, '', 0, 7, 0, 0, 170, 80, 0, 0, 0, 100, 0, 0, 0, 0, 0, '2022-01-04 16:19:17', '2022-01-05 02:45:40', '2022-01-05 05:30:05', NULL, '2022-01-08 09:24:00', 0, '0'),
(4249, '2022-01-04 10:14:10', 'NJ/2022/01/0019', 7, 23, NULL, NULL, 229, NULL, NULL, '', 230, 0, 0, 0, 650, 0, 0, 0, 0, 0, 0, 0, 0, 0, 0, '2022-01-04 18:14:10', '2022-01-04 19:54:10', '2022-01-04 20:46:05', NULL, '2022-01-08 09:24:23', 0, '0'),
(4250, '2022-01-05 02:33:45', 'NJ/2022/01/0020', 12, 17, 27, NULL, 4, 84, NULL, '', 0, 0, 0, 0, 5, 0, 0, 0, 0, 150, 0, 0, 0, 0, 0, '2022-01-05 10:33:45', '2022-01-05 12:56:12', '2022-01-05 12:20:05', NULL, '2022-01-08 09:29:02', 0, '0'),
(4251, '2022-01-05 02:57:47', 'NJ/2022/01/0021', 9, 9, 13, NULL, 33, NULL, NULL, '', 0, 0, 0, 0, 163, 0, 0, 0, 0, 0, 0, 0, 0, 0, 0, '2022-01-05 10:57:47', '2022-01-05 13:12:01', '2022-01-05 13:37:05', NULL, '2022-01-08 09:29:24', 0, '0'),
(4252, '2022-01-05 04:09:02', 'NJ/2022/01/0022', 10, 37, NULL, NULL, 229, NULL, NULL, '', 0, 2, 0, 0, 290, 0, 0, 0, 0, 0, 0, 0, 0, 0, 0, '2022-01-05 12:09:02', '2022-01-05 13:36:27', '2022-01-05 14:29:05', NULL, '2022-01-08 09:35:00', 0, '0'),
(4253, '2022-01-05 06:35:57', 'NJ/2022/01/0023', 9, 9, 13, NULL, 37, NULL, NULL, '', 0, 25, 0, 0, 175, 0, 0, 0, 0, 0, 0, 0, 0, 0, 0, '2022-01-05 14:35:57', '2022-01-05 22:24:53', '2022-01-06 01:36:36', NULL, '2022-01-18 09:01:04', 0, '0'),
(4254, '2022-01-05 07:09:23', 'NJ/2022/01/0024', 12, 32, 16, NULL, 229, NULL, NULL, '', 300, 0, 0, 0, 0, 0, 0, 0, 0, 0, 0, 0, 0, 0, 0, '2022-01-05 15:09:23', '2022-01-05 17:17:06', '2022-01-05 12:33:36', NULL, '2022-01-18 09:01:44', 0, '0'),
(4255, '2022-01-05 09:20:15', 'NJ/2022/01/0025', 6, 37, NULL, NULL, 229, NULL, NULL, '', 1000, 15, 0, 0, 200, 0, 0, 0, 0, 0, 0, 0, 0, 0, 0, '2022-01-05 17:20:15', '2022-01-05 19:00:15', '2022-01-05 20:25:36', NULL, '2022-01-18 09:03:24', 0, '0'),
(4256, '2022-01-05 08:59:39', 'NJ/2022/01/0026', 17, 11, 17, NULL, 108, 7, NULL, '', 0, 10, 0, 0, 150, 25, 10, 0, 5, 110, 0, 0, 0, 0, 0, '2022-01-05 16:59:39', '2022-01-06 01:29:47', '2022-01-06 04:45:36', NULL, '2022-01-18 09:02:08', 0, '0'),
(4257, '2022-01-05 10:10:14', 'NJ/2022/01/0027', 12, 32, 16, NULL, 135, NULL, NULL, '', 0, 10, 0, 5, 175, 0, 0, 0, 0, 0, 0, 0, 0, 0, 0, '2022-01-05 18:10:14', '2022-01-06 00:03:05', '2022-01-06 03:10:36', NULL, '2022-01-18 09:03:51', 0, '0'),
(4258, '2022-01-06 02:45:27', 'NJ/2022/01/0028', 12, 15, 27, NULL, 229, 228, NULL, '', 0, 5, 0, 0, 70, 0, 0, 0, 0, 122, 0, 0, 0, 0, 0, '2022-01-06 10:45:27', '2022-01-06 13:51:06', '2022-01-06 14:05:36', NULL, '2022-01-18 09:04:37', 0, '0'),
(4259, '2022-01-06 03:33:51', 'NJ/2022/01/0029', 9, 9, 13, NULL, 45, 19, 43, '', 0, 0, 0, 0, 2, 0, 5, 0, 0, 98, 0, 0, 0, 0, 55, '2022-01-06 11:33:51', '2022-01-06 15:59:19', '2022-01-06 14:30:36', NULL, '2022-01-18 09:06:19', 0, '0'),
(4260, '2022-01-06 03:40:23', 'NJ/2022/01/0030', 10, 37, 30, NULL, 79, NULL, NULL, '', 0, 0, 0, 0, 276, 0, 0, 0, 0, 0, 0, 0, 0, 0, 0, '2022-01-06 11:40:23', '2022-01-07 00:29:30', '2022-01-07 00:29:36', NULL, '2022-01-18 09:11:20', 0, '0'),
(4261, '2022-01-06 04:17:58', 'NJ/2022/01/0031', 8, 2, NULL, NULL, 229, NULL, NULL, '', 0, 0, 0, 0, 300, 0, 0, 0, 0, 0, 0, 0, 0, 0, 0, '2022-01-06 12:17:58', '2022-01-06 13:45:23', '2022-01-06 14:54:36', NULL, '2022-01-18 09:12:47', 0, '0'),
(4262, '2022-01-06 07:50:12', 'NJ/2022/01/0032', 6, 2, 16, 17, 30, 95, NULL, '', 1, 0, 0, 0, 250, 0, 0, 0, 0, 315, 0, 0, 0, 0, 0, '2022-01-06 15:50:12', '2022-01-07 12:02:27', '2022-01-08 00:48:35', 'baut roda 3 patah tdk bisa laju ', '2022-01-24 14:04:46', 0, '0'),
(4263, '2022-01-06 06:57:43', 'NJ/2022/01/0033', 12, 15, 27, NULL, 21, 37, NULL, '', 0, 15, 0, 0, 150, 0, 0, 0, 0, 28, 0, 0, 0, 0, 0, '2022-01-06 14:57:43', '2022-01-06 23:12:02', '2022-01-07 02:53:36', NULL, '2022-01-18 09:31:44', 0, '0'),
(4264, '2022-01-06 10:00:18', 'NJ/2022/01/0034', 17, 11, 32, NULL, 147, NULL, NULL, '', 50, 20, 0, 0, 230, 0, 0, 0, 0, 0, 0, 0, 0, 0, 0, '2022-01-06 18:00:18', '2022-01-07 12:35:35', '2022-01-07 15:40:35', NULL, '2022-01-18 09:45:56', 0, '0'),
(4265, '2022-01-06 10:37:03', 'NJ/2022/01/0035', 15, 9, 13, NULL, 195, NULL, NULL, '', 0, 1, 0, 2, 65, 0, 0, 0, 0, 0, 0, 0, 0, 0, 0, '2022-01-06 18:37:03', '2022-01-06 19:49:26', '2022-01-06 20:20:35', NULL, '2022-01-18 09:40:49', 0, '0'),
(4266, '2022-01-06 10:41:43', 'NJ/2022/01/0036', 6, 23, NULL, NULL, 229, NULL, NULL, '', 0, 5, 0, 0, 732, 0, 0, 0, 0, 0, 0, 0, 0, 0, 0, '2022-01-06 18:41:43', '2022-01-06 20:21:43', '2022-01-06 21:30:35', NULL, '2022-01-18 09:41:23', 0, '0'),
(4267, '2022-01-07 01:10:49', 'NJ/2022/01/0037', 4, 9, 13, NULL, 227, NULL, NULL, '', 10, 20, 0, 0, 8, 0, 0, 0, 0, 0, 0, 0, 0, 0, 0, '2022-01-07 09:10:49', '2022-01-07 09:25:14', '2022-01-07 09:30:35', NULL, '2022-01-18 09:43:11', 0, '0'),
(4268, '2022-01-06 07:53:49', 'NJ/2022/01/0038', 9, 9, 13, NULL, 227, 16, NULL, '', 0, 0, 0, 40, 26, 0, 0, 0, 0, 80, 0, 0, 0, 0, 0, '2022-01-06 15:53:49', '2022-01-06 17:52:48', '2022-01-06 18:20:35', NULL, '2022-01-18 09:40:03', 0, '0'),
(4269, '2022-01-07 02:48:55', 'NJ/2022/01/0039', 9, 9, 13, NULL, 76, NULL, NULL, '', 0, 0, 0, 0, 200, 0, 0, 0, 0, 0, 0, 0, 0, 0, 0, '2022-01-07 10:48:55', '2022-01-07 17:04:06', '2022-01-07 19:30:35', NULL, '2022-01-18 09:43:45', 0, '0'),
(4270, '2022-01-07 02:58:18', 'NJ/2022/01/0040', 15, 20, 13, NULL, 115, NULL, NULL, '', 0, 0, 0, 0, 100, 0, 0, 0, 0, 0, 0, 0, 0, 0, 0, '2022-01-07 10:58:18', '2022-01-07 12:15:47', '2022-01-07 12:20:35', NULL, '2022-01-18 09:44:16', 0, '0'),
(4271, '2022-01-07 03:16:16', 'NJ/2022/01/0041', 8, 23, NULL, NULL, 229, NULL, NULL, '', 600, 0, 0, 0, 0, 0, 0, 0, 0, 0, 0, 0, 0, 0, 0, '2022-01-07 11:16:16', '2022-01-07 12:43:41', '2022-01-07 14:05:35', NULL, '2022-01-18 09:44:43', 0, '0'),
(4272, '2022-01-07 03:27:16', 'NJ/2022/01/0042', 9, 15, 30, NULL, 5, 93, 215, '', 0, 0, 0, 0, 25, 0, 0, 0, 0, 100, 0, 0, 0, 0, 100, '2022-01-07 11:27:16', '2022-01-07 15:43:43', '2022-01-07 15:03:35', NULL, '2022-01-18 09:45:13', 0, '0'),
(4273, '2022-01-07 08:15:41', 'NJ/2022/01/0043', 12, 15, 30, NULL, 75, 8, 7, '', 0, 0, 0, 0, 30, 0, 0, 0, 0, 150, 0, 10, 0, 0, 0, '2022-01-07 16:15:41', '2022-01-08 00:00:51', '2022-01-08 00:53:35', NULL, '2022-01-18 09:46:35', 0, '0'),
(4274, '2022-01-07 09:26:15', 'NJ/2022/01/0044', 6, 37, NULL, NULL, 229, NULL, NULL, '', 335, 40, 0, 60, 493, 0, 0, 0, 0, 0, 0, 0, 0, 0, 0, '2022-01-07 17:26:15', '2022-01-07 19:06:15', '2022-01-07 20:10:35', NULL, '2022-01-18 09:47:04', 0, '0'),
(4275, '2022-01-08 02:11:59', 'NJ/2022/01/0045', 19, 12, NULL, NULL, 229, NULL, NULL, '', 0, 0, 0, 0, 300, 0, 0, 0, 0, 0, 0, 0, 0, 0, 0, '2022-01-08 10:11:59', '2022-01-08 11:39:24', '2022-01-08 13:00:35', NULL, '2022-01-18 09:59:32', 0, '0'),
(4276, '2022-01-08 03:21:09', 'NJ/2022/01/0046', 8, 37, NULL, NULL, 229, NULL, NULL, '', 600, 0, 0, 0, 0, 0, 0, 0, 0, 0, 0, 0, 0, 0, 0, '2022-01-08 11:21:09', '2022-01-08 12:48:34', '2022-01-08 14:15:56', NULL, '2022-01-18 10:13:33', 0, '0'),
(4277, '2022-01-08 03:28:38', 'NJ/2022/01/0047', 9, 9, 38, NULL, 84, 18, NULL, '', 0, 10, 0, 0, 100, 0, 10, 0, 10, 32, 0, 0, 0, 0, 0, '2022-01-08 11:28:38', '2022-01-08 14:07:41', '2022-01-08 14:13:56', NULL, '2022-01-18 10:14:13', 0, '0'),
(4278, '2022-01-08 03:37:28', 'NJ/2022/01/0048', 12, 15, 32, NULL, 34, NULL, NULL, '', 0, 0, 0, 0, 130, 0, 0, 0, 0, 0, 0, 0, 0, 0, 0, '2022-01-08 11:37:28', '2022-01-08 13:45:21', '2022-01-08 13:45:56', NULL, '2022-01-18 10:14:39', 0, '0'),
(4279, '2022-01-05 04:30:58', 'NJ/2022/01/0049', 17, 11, 27, NULL, 229, NULL, NULL, '', 0, 17, 0, 9, 290, 0, 0, 0, 0, 0, 0, 0, 0, 0, 0, '2022-01-05 12:30:58', '2022-01-05 13:58:23', '2022-01-05 15:35:36', NULL, '2022-01-18 09:00:36', 0, '0'),
(4280, '2022-01-08 04:50:30', 'NJ/2022/01/0050', 17, 11, 27, NULL, 83, NULL, NULL, '', 50, 10, 0, 10, 200, 0, 0, 0, 0, 0, 0, 0, 0, 0, 0, '2022-01-08 12:50:30', '2022-01-08 23:38:49', '2022-01-09 00:27:56', NULL, '2022-01-18 10:15:14', 0, '0'),
(4281, '2022-01-08 05:38:32', 'NJ/2022/01/0051', 12, 15, 32, NULL, 229, 228, NULL, '', 0, 0, 0, 0, 85, 0, 0, 0, 0, 100, 0, 0, 0, 0, 0, '2022-01-08 13:38:32', '2022-01-08 14:27:21', '2022-01-08 16:45:56', NULL, '2022-01-18 10:35:00', 0, '0'),
(4282, '2022-01-08 07:40:47', 'NJ/2022/01/0052', 9, 9, 38, NULL, 110, 35, NULL, '', 0, 0, 0, 94, 0, 0, 0, 0, 0, 100, 0, 0, 0, 0, 0, '2022-01-08 15:40:47', '2022-01-08 18:20:19', '2022-01-08 18:52:56', NULL, '2022-01-18 10:35:30', 0, '0'),
(4283, '2022-01-08 10:59:36', 'NJ/2022/01/0053', 10, 37, 16, NULL, 6, NULL, NULL, '', 0, 50, 0, 0, 191, 0, 0, 0, 0, 0, 0, 0, 0, 0, 0, '2022-01-08 18:59:36', '2022-01-09 09:32:40', '2022-01-09 13:35:56', 'selang solar bocor', '2022-01-24 14:04:58', 0, '0'),
(4284, '2022-01-08 09:20:52', 'NJ/2022/01/0054', 7, 23, NULL, NULL, 229, NULL, NULL, '', 100, 0, 0, 0, 750, 0, 0, 0, 0, 0, 0, 0, 0, 0, 0, '2022-01-08 17:20:52', '2022-01-08 19:00:52', '2022-01-08 20:29:56', NULL, '2022-01-18 10:35:57', 0, '0'),
(4285, '2022-01-08 09:24:03', 'NJ/2022/01/0055', 12, 15, 32, NULL, 75, NULL, NULL, '', 0, 10, 0, 0, 142, 0, 0, 0, 0, 0, 0, 0, 0, 0, 0, '2022-01-08 17:24:03', '2022-01-08 21:52:36', '2022-01-09 00:28:56', NULL, '2022-01-18 10:36:29', 0, '0'),
(4286, '2022-01-10 02:26:08', 'NJ/2022/01/0056', 12, 15, 27, NULL, 60, 199, 208, '', 0, 0, 0, 0, 60, 0, 0, 0, 0, 60, 0, 0, 0, 0, 40, '2022-01-10 10:26:08', '2022-01-10 13:54:26', '2022-01-10 13:01:56', NULL, '2022-01-18 10:46:49', 0, '0'),
(4287, '2022-01-10 02:33:47', 'NJ/2022/01/0057', 9, 9, 38, NULL, 23, 184, NULL, '', 0, 0, 0, 0, 151, 0, 0, 0, 0, 50, 0, 0, 0, 0, 0, '2022-01-10 10:33:47', '2022-01-10 13:28:55', '2022-01-10 13:58:56', NULL, '2022-01-18 10:47:11', 0, '0'),
(4288, '2022-01-10 03:39:46', 'NJ/2022/01/0058', 6, 23, NULL, NULL, 229, NULL, NULL, '', 0, 0, 0, 0, 770, 0, 0, 0, 0, 0, 0, 0, 0, 0, 0, '2022-01-10 11:39:46', '2022-01-10 18:12:16', '2022-01-10 15:11:56', NULL, '2022-01-18 10:47:56', 0, '0'),
(4289, '2022-01-10 03:48:25', 'NJ/2022/01/0059', 13, 37, 30, NULL, 195, NULL, NULL, '', 0, 0, 0, 0, 100, 0, 0, 0, 0, 0, 0, 0, 0, 0, 0, '2022-01-10 11:48:25', '2022-01-10 13:18:51', '2022-01-10 13:29:56', NULL, '2022-01-18 10:53:27', 0, '0'),
(4290, '2022-01-10 10:00:30', 'NJ/2022/01/0060', 17, 11, 33, NULL, 120, NULL, NULL, '', 50, 10, 0, 10, 280, 0, 0, 0, 0, 0, 0, 0, 0, 0, 0, '2022-01-10 18:00:30', '2022-01-11 13:03:42', '2022-01-11 10:55:55', NULL, '2022-01-18 10:59:39', 0, '0'),
(4291, '2022-01-10 06:02:37', 'NJ/2022/01/0061', 8, 2, NULL, NULL, 229, NULL, NULL, '', 0, 0, 0, 0, 318, 0, 0, 0, 0, 0, 0, 0, 0, 0, 0, '2022-01-10 14:02:37', '2022-01-10 15:30:02', '2022-01-10 20:20:56', NULL, '2022-01-18 10:55:40', 0, '0'),
(4292, '2022-01-10 06:14:44', 'NJ/2022/01/0062', 12, 15, 27, NULL, 189, NULL, NULL, '', 20, 0, 0, 10, 154, 0, 0, 0, 0, 0, 0, 0, 0, 0, 0, '2022-01-10 14:14:44', '2022-01-10 22:15:07', '2022-01-11 04:44:56', NULL, '2022-01-18 10:56:21', 0, '0'),
(4293, '2022-01-10 06:51:08', 'NJ/2022/01/0063', 9, 9, 38, NULL, 227, 33, NULL, '', 40, 10, 0, 0, 0, 0, 0, 0, 43, 0, 0, 0, 0, 0, 0, '2022-01-10 14:51:08', '2022-01-10 16:13:52', '2022-01-10 16:35:56', NULL, '2022-01-18 10:56:57', 0, '0'),
(4294, '2022-01-10 10:10:59', 'NJ/2022/01/0064', 9, 9, 38, NULL, 67, NULL, NULL, '', 0, 0, 0, 15, 161, 0, 0, 0, 0, 0, 0, 0, 0, 0, 0, '2022-01-10 18:10:59', '2022-01-11 00:00:02', '2022-01-11 04:36:56', NULL, '2022-01-18 10:58:08', 0, '0'),
(4295, '2022-01-10 10:10:50', 'NJ/2022/01/0065', 10, 37, 30, NULL, 129, 194, NULL, '', 30, 5, 0, 2, 100, 0, 0, 0, 0, 150, 0, 0, 0, 0, 0, '2022-01-10 18:10:50', '2022-01-11 10:21:05', '2022-01-11 10:00:46', NULL, '2022-01-18 13:30:40', 0, '0'),
(4296, '2022-01-10 12:30:27', 'NJ/2022/01/0066', 7, 2, NULL, NULL, 229, NULL, NULL, '', 1200, 0, 0, 0, 0, 0, 0, 0, 0, 0, 0, 0, 0, 0, 0, '2022-01-10 20:30:27', '2022-01-10 22:10:27', '2022-01-10 22:48:56', NULL, '2022-01-18 10:58:45', 0, '0'),
(4297, '2022-01-11 02:29:50', 'NJ/2022/01/0067', 15, 32, 17, NULL, 16, NULL, NULL, '', 0, 0, 0, 0, 100, 0, 0, 0, 0, 0, 0, 0, 0, 0, 0, '2022-01-11 10:29:50', '2022-01-11 11:39:32', '2022-01-11 12:05:46', NULL, '2022-01-18 13:31:05', 0, '0'),
(4298, '2022-01-11 02:51:10', 'NJ/2022/01/0068', 12, 15, 16, NULL, 217, 84, NULL, '', 0, 0, 0, 0, 50, 0, 0, 0, 0, 88, 0, 0, 0, 0, 0, '2022-01-11 10:51:10', '2022-01-11 13:09:50', '2022-01-11 12:19:46', NULL, '2022-01-18 13:31:25', 0, '0'),
(4299, '2022-01-11 02:53:46', 'NJ/2022/01/0069', 19, 2, NULL, NULL, 229, NULL, NULL, '', 0, 0, 0, 0, 305, 0, 0, 0, 0, 0, 0, 0, 0, 0, 0, '2022-01-11 10:53:46', '2022-01-11 12:21:11', '2022-01-11 19:30:46', 'kerusakan armada di bundaran lianggang', '2022-01-24 14:07:56', 0, '0'),
(4300, '2022-01-11 04:06:46', 'NJ/2022/01/0070', 9, 9, 38, NULL, 33, NULL, NULL, '', 0, 0, 0, 0, 180, 0, 0, 0, 0, 0, 0, 0, 0, 0, 0, '2022-01-11 12:06:46', '2022-01-11 14:21:00', '2022-01-11 14:07:46', NULL, '2022-01-18 13:32:55', 0, '0'),
(4301, '2022-01-11 05:15:27', 'NJ/2022/01/0071', 12, 15, 16, NULL, 219, 128, NULL, '', 0, 0, 0, 0, 50, 0, 0, 0, 0, 100, 0, 0, 0, 0, 0, '2022-01-11 13:15:27', '2022-01-11 17:16:14', '2022-01-11 14:48:46', NULL, '2022-01-18 13:33:25', 0, '0'),
(4302, '2022-01-11 07:17:38', 'NJ/2022/01/0072', 9, 9, 38, NULL, 45, 33, 198, '', 0, 0, 0, 2, 59, 0, 10, 0, 0, 0, 0, 15, 0, 0, 100, '2022-01-11 15:17:38', '2022-01-11 18:45:36', '2022-01-11 18:26:46', NULL, '2022-01-18 13:34:05', 0, '0'),
(4303, '2022-01-11 07:20:57', 'NJ/2022/01/0073', 8, 23, NULL, NULL, 229, NULL, NULL, '', 600, 0, 0, 0, 0, 0, 0, 0, 0, 0, 0, 0, 0, 0, 0, '2022-01-11 15:20:57', '2022-01-11 18:28:22', '2022-01-11 19:30:46', NULL, '2022-01-18 13:34:44', 0, '0'),
(4304, '2022-01-11 09:32:51', 'NJ/2022/01/0074', 4, 20, 13, NULL, 19, NULL, NULL, '', 0, 0, 0, 0, 98, 0, 0, 0, 0, 0, 0, 0, 0, 0, 0, '2022-01-11 17:32:51', '2022-01-11 19:00:41', '2022-01-11 18:35:46', NULL, '2022-01-18 13:35:37', 0, '0'),
(4305, '2022-01-11 09:33:21', 'NJ/2022/01/0075', 10, 37, NULL, NULL, 229, NULL, NULL, '', 0, 0, 0, 0, 300, 0, 0, 0, 0, 0, 0, 0, 0, 0, 0, '2022-01-11 17:33:21', '2022-01-11 19:00:46', '2022-01-11 20:57:46', NULL, '2022-01-18 13:35:09', 0, '0'),
(4306, '2022-01-11 11:41:47', 'NJ/2022/01/0076', 6, 2, NULL, NULL, 229, NULL, NULL, '', 250, 46, 0, 27, 640, 0, 0, 0, 0, 0, 0, 0, 0, 0, 0, '2022-01-11 19:41:47', '2022-01-11 21:21:47', '2022-01-11 19:41:46', NULL, '2022-01-18 13:42:29', 0, '0'),
(4307, '2022-01-11 11:05:50', 'NJ/2022/01/0077', 9, 9, 38, NULL, 41, NULL, NULL, '', 50, 0, 0, 0, 100, 0, 0, 0, 0, 0, 0, 0, 0, 0, 0, '2022-01-11 19:05:50', '2022-01-11 22:09:05', '2022-01-11 23:53:46', NULL, '2022-01-18 13:36:04', 0, '0'),
(4308, '2022-01-12 02:47:00', 'NJ/2022/01/0078', 9, 9, 38, NULL, 60, 93, NULL, '', 0, 0, 0, 0, 40, 0, 10, 0, 0, 98, 0, 0, 0, 0, 0, '2022-01-12 10:47:00', '2022-01-12 13:19:54', '2022-01-12 13:22:26', NULL, '2022-01-19 09:48:37', 0, '0'),
(4309, '2022-01-12 02:13:26', 'NJ/2022/01/0079', 12, 15, 30, NULL, 229, NULL, NULL, '', 0, 51, 0, 25, 100, 0, 0, 0, 0, 0, 0, 0, 0, 0, 0, '2022-01-12 10:13:26', '2022-01-12 12:21:19', '2022-01-12 13:00:46', NULL, '2022-01-18 13:50:42', 0, '0'),
(4310, '2022-01-12 04:00:04', 'NJ/2022/01/0080', 17, 11, 27, NULL, 159, NULL, NULL, '', 30, 0, 0, 0, 300, 0, 0, 0, 0, 0, 0, 0, 0, 0, 0, '2022-01-12 12:00:04', '2022-01-13 00:45:06', '2022-01-13 07:01:01', 'kebocoran ban', '2022-01-24 14:05:28', 0, '0'),
(4311, '2022-01-12 03:45:14', 'NJ/2022/01/0081', 19, 2, NULL, NULL, 229, NULL, NULL, '', 0, 5, 0, 0, 300, 0, 0, 0, 0, 0, 0, 0, 0, 0, 0, '2022-01-12 11:45:14', '2022-01-12 13:12:39', '2022-01-12 14:58:26', NULL, '2022-01-19 09:49:11', 0, '0'),
(4312, '2022-01-12 05:11:13', 'NJ/2022/01/0082', 10, 37, 17, NULL, 95, NULL, NULL, '', 0, 0, 0, 0, 316, 0, 0, 0, 0, 0, 0, 0, 0, 0, 0, '2022-01-12 13:11:13', '2022-01-13 01:39:24', '2022-01-13 07:02:01', NULL, '2022-01-19 09:50:40', 0, '0'),
(4313, '2022-01-12 05:47:19', 'NJ/2022/01/0083', 12, 15, 30, NULL, 7, NULL, NULL, '', 25, 5, 0, 0, 150, 0, 0, 0, 0, 0, 0, 0, 0, 0, 0, '2022-01-12 13:47:19', '2022-01-12 20:06:14', '2022-01-12 22:20:01', NULL, '2022-01-19 09:52:31', 0, '0'),
(4314, '2022-01-12 06:00:32', 'NJ/2022/01/0084', 9, 9, 38, NULL, 229, NULL, NULL, '', 0, 3, 0, 6, 172, 0, 0, 0, 0, 0, 0, 0, 0, 0, 0, '2022-01-12 14:00:32', '2022-01-12 16:22:11', '2022-01-12 17:45:01', NULL, '2022-01-19 09:52:54', 0, '0'),
(4315, '2022-01-12 09:51:01', 'NJ/2022/01/0085', 7, 2, 16, 32, 40, 181, NULL, '', 50, 0, 0, 30, 300, 40, 8, 0, 4, 270, 0, 0, 0, 0, 0, '2022-01-12 17:51:01', '2022-01-13 17:37:24', '2022-01-14 04:50:01', 'bongkar pagi dan belangsir', '2022-01-24 14:05:35', 0, '0'),
(4316, '2022-01-12 10:25:08', 'NJ/2022/01/0086', 9, 9, 38, NULL, 110, 87, NULL, '', 0, 0, 0, 6, 0, 0, 0, 0, 130, 0, 0, 0, 0, 0, 0, '2022-01-12 18:25:08', '2022-01-12 22:31:28', '2022-01-13 00:28:01', NULL, '2022-01-19 09:53:25', 0, '0'),
(4317, '2022-01-13 02:38:08', 'NJ/2022/01/0087', 12, 15, 33, NULL, 229, NULL, NULL, '', 320, 0, 0, 0, 0, 0, 0, 0, 0, 0, 0, 0, 0, 0, 0, '2022-01-13 10:38:08', '2022-01-13 12:49:11', '2022-01-13 13:40:01', NULL, '2022-01-19 09:54:09', 0, '0'),
(4318, '2022-01-13 05:18:01', 'NJ/2022/01/0088', 10, 37, 30, NULL, 229, NULL, NULL, '', 0, 0, 0, 0, 330, 0, 0, 0, 0, 0, 0, 0, 0, 0, 0, '2022-01-13 13:18:01', '2022-01-13 16:44:36', '2022-01-13 16:40:01', NULL, '2022-01-19 09:54:31', 0, '0'),
(4319, '2022-01-13 06:08:26', 'NJ/2022/01/0089', 6, 12, NULL, NULL, 229, NULL, NULL, '', 0, 0, 0, 0, 810, 0, 0, 0, 0, 0, 0, 0, 0, 0, 0, '2022-01-13 14:08:26', '2022-01-13 15:48:26', '2022-01-13 19:50:01', 'menunggu fortal pal 6 di buka', '2022-01-24 14:05:44', 0, '0'),
(4320, '2022-01-13 06:19:12', 'NJ/2022/01/0090', 9, 9, 38, NULL, 84, NULL, NULL, '', 0, 0, 0, 10, 135, 0, 0, 0, 0, 0, 0, 0, 0, 0, 0, '2022-01-13 14:19:12', '2022-01-13 16:04:09', '2022-01-13 16:25:01', NULL, '2022-01-19 09:55:46', 0, '0'),
(4321, '2022-01-13 07:28:32', 'NJ/2022/01/0091', 12, 15, 33, NULL, 75, 21, NULL, '', 0, 10, 0, 0, 10, 0, 20, 0, 10, 145, 0, 0, 0, 0, 0, '2022-01-13 15:28:32', '2022-01-13 23:41:21', '2022-01-14 04:15:01', NULL, '2022-01-19 09:56:50', 0, '0'),
(4322, '2022-01-13 08:39:44', 'NJ/2022/01/0092', 4, 20, 13, NULL, 130, NULL, NULL, '', 0, 3, 0, 2, 100, 0, 0, 0, 0, 0, 0, 0, 0, 0, 0, '2022-01-13 16:39:44', '2022-01-13 19:52:38', '2022-01-13 20:10:01', NULL, '2022-01-19 09:58:06', 0, '0'),
(4323, '2022-01-13 09:18:04', 'NJ/2022/01/0093', 9, 9, 38, NULL, 190, NULL, NULL, '', 20, 0, 0, 0, 190, 0, 0, 0, 0, 0, 0, 0, 0, 0, 0, '2022-01-13 17:18:04', '2022-01-14 00:58:20', '2022-01-14 06:45:01', NULL, '2022-01-19 09:58:46', 0, '0'),
(4324, '2022-01-13 09:55:03', 'NJ/2022/01/0094', 10, 37, 30, NULL, 83, NULL, NULL, '', 50, 0, 0, 10, 250, 0, 0, 0, 0, 0, 0, 0, 0, 0, 0, '2022-01-13 17:55:03', '2022-01-14 10:07:57', '2022-01-14 09:55:01', NULL, '2022-01-19 10:01:16', 0, '0'),
(4325, '2022-01-13 09:59:40', 'NJ/2022/01/0095', 17, 11, 27, NULL, 229, NULL, NULL, '', 0, 10, 0, 13, 293, 0, 0, 0, 0, 0, 0, 0, 0, 0, 0, '2022-01-13 17:59:40', '2022-01-13 21:21:03', '2022-01-13 20:47:01', NULL, '2022-01-19 09:59:09', 0, '0'),
(4326, '2022-01-14 02:17:10', 'NJ/2022/01/0096', 12, 15, 20, NULL, 60, 158, NULL, '', 0, 0, 0, 0, 60, 0, 0, 0, 0, 100, 0, 0, 0, 0, 0, '2022-01-14 10:17:10', '2022-01-14 12:39:44', '2022-01-14 11:56:01', NULL, '2022-01-19 10:01:42', 0, '0'),
(4327, '2022-01-14 03:08:39', 'NJ/2022/01/0097', 17, 11, 27, NULL, 68, NULL, NULL, '', 603, 0, 0, 3, 1, 0, 0, 0, 0, 0, 0, 0, 0, 0, 0, '2022-01-14 11:08:39', '2022-01-14 20:46:25', '2022-01-14 22:50:01', NULL, '2022-01-19 10:02:15', 0, '0'),
(4328, '2022-01-14 03:56:18', 'NJ/2022/01/0098', 4, 17, 33, NULL, 115, NULL, NULL, '', 0, 0, 0, 0, 100, 0, 0, 0, 0, 0, 0, 0, 0, 0, 0, '2022-01-14 11:56:18', '2022-01-14 13:13:47', '2022-01-14 13:06:01', NULL, '2022-01-19 10:03:03', 0, '0'),
(4329, '2022-01-14 05:08:19', 'NJ/2022/01/0099', 10, 37, 17, NULL, 66, NULL, NULL, '', 50, 0, 0, 0, 294, 0, 0, 0, 0, 0, 0, 0, 0, 0, 0, '2022-01-14 13:08:19', '2022-01-15 03:19:05', NULL, NULL, NULL, 0, '0'),
(4330, '2022-01-14 07:33:26', 'NJ/2022/01/0100', 5, 20, 33, NULL, 195, NULL, NULL, '', 20, 8, 0, 6, 60, 0, 0, 0, 0, 0, 0, 0, 0, 0, 0, '2022-01-14 15:33:26', '2022-01-14 16:51:12', '2022-01-14 16:55:01', NULL, '2022-01-19 10:03:49', 0, '0'),
(4331, '2022-01-14 07:43:11', 'NJ/2022/01/0101', 12, 15, 30, NULL, 196, NULL, NULL, '', 40, 0, 0, 0, 160, 0, 0, 0, 0, 0, 0, 0, 0, 0, 0, '2022-01-14 15:43:11', '2022-01-14 21:44:07', '2022-01-14 23:40:01', NULL, '2022-01-19 10:04:13', 0, '0'),
(4332, '2022-01-14 08:28:27', 'NJ/2022/01/0102', 9, 9, 38, NULL, 191, 19, NULL, '', 0, 0, 0, 0, 100, 0, 0, 0, 0, 94, 0, 0, 0, 0, 0, '2022-01-14 16:28:27', '2022-01-14 19:20:27', '2022-01-14 19:15:01', NULL, '2022-01-19 10:04:41', 0, '0'),
(4333, '2022-01-14 10:59:03', 'NJ/2022/01/0103', 7, 2, 20, 33, 6, 30, NULL, '', 100, 0, 0, 0, 200, 0, 13, 0, 10, 0, 0, 0, 0, 0, 0, '2022-01-14 18:59:03', '2022-01-15 13:26:06', NULL, NULL, NULL, 0, '0'),
(4334, '2022-01-14 12:00:49', 'NJ/2022/01/0104', 9, 9, 38, NULL, 75, NULL, NULL, '', 0, 0, 0, 0, 140, 0, 0, 0, 0, 0, 0, 0, 0, 0, 0, '2022-01-14 20:00:49', '2022-01-15 00:25:47', '2022-01-15 05:20:01', NULL, '2022-01-19 10:05:05', 0, '0'),
(4335, '2022-01-15 02:14:57', 'NJ/2022/01/0105', 12, 15, 27, NULL, 34, NULL, NULL, '', 0, 0, 0, 0, 200, 0, 0, 0, 0, 0, 0, 0, 0, 0, 0, '2022-01-15 10:14:57', '2022-01-15 12:49:55', '2022-01-15 11:25:01', NULL, '2022-01-19 10:27:41', 0, '0'),
(4336, '2022-01-15 03:01:28', 'NJ/2022/01/0106', 6, 23, NULL, NULL, 229, NULL, NULL, '', 0, 30, 0, 5, 800, 0, 0, 0, 0, 0, 0, 0, 0, 0, 0, '2022-01-15 11:01:28', '2022-01-15 12:41:28', '2022-01-15 16:25:01', NULL, '2022-01-19 10:28:10', 0, '0'),
(4337, '2022-01-15 03:40:50', 'NJ/2022/01/0107', 4, 32, 16, NULL, 212, NULL, NULL, '', 0, 0, 0, 0, 60, 0, 0, 0, 0, 0, 0, 0, 0, 0, 0, '2022-01-15 11:40:50', '2022-01-15 12:53:51', '2022-01-15 14:10:01', NULL, '2022-01-19 10:28:49', 0, '0'),
(4338, '2022-01-15 04:06:38', 'NJ/2022/01/0108', 12, 15, 27, NULL, 228, NULL, NULL, '', 0, 50, 0, 0, 130, 0, 0, 0, 0, 0, 0, 0, 0, 0, 0, '2022-01-15 12:06:38', '2022-01-15 14:55:03', '2022-01-15 14:42:01', NULL, '2022-01-19 10:29:08', 0, '0'),
(4339, '2022-01-15 05:10:12', 'NJ/2022/01/0109', 9, 9, 38, NULL, 16, 191, 10, '', 0, 6, 0, 0, 50, 0, 6, 0, 0, 2, 0, 0, 0, 0, 95, '2022-01-15 13:10:12', '2022-01-15 16:42:41', '2022-01-15 16:22:01', NULL, '2022-01-19 10:31:12', 0, '0'),
(4340, '2022-01-15 07:27:34', 'NJ/2022/01/0110', 17, 11, 16, NULL, 8, 82, NULL, '', 20, 5, 0, 5, 145, 50, 10, 0, 10, 100, 0, 0, 0, 0, 0, '2022-01-15 15:27:34', '2022-01-16 01:24:51', '2022-01-16 05:34:05', NULL, '2022-01-19 10:31:41', 0, '0'),
(4341, '2022-01-15 07:33:03', 'NJ/2022/01/0111', 5, 12, 32, NULL, 227, 34, NULL, '', 0, 0, 0, 0, 30, 100, 5, 0, 0, 0, 0, 0, 0, 0, 0, '2022-01-15 15:33:03', '2022-01-15 17:32:11', '2022-01-15 17:47:05', NULL, '2022-01-19 10:32:23', 0, '0'),
(4342, '2022-01-15 07:58:08', 'NJ/2022/01/0112', 12, 15, 32, NULL, 34, 112, NULL, '', 0, 0, 0, 40, 0, 0, 0, 0, 100, 0, 0, 0, 0, 0, 0, '2022-01-15 15:58:08', '2022-01-15 21:05:23', '2022-01-15 22:37:05', NULL, '2022-01-19 10:32:45', 0, '0'),
(4343, '2022-01-14 11:03:03', 'NJ/2022/01/0113', 4, 12, NULL, NULL, 229, NULL, NULL, '', 200, 0, 0, 0, 0, 0, 0, 0, 0, 0, 0, 0, 0, 0, 0, '2022-01-14 19:03:03', '2022-01-14 20:20:46', '2022-01-14 22:31:01', NULL, '2022-01-19 10:05:43', 0, '0'),
(4344, '2022-01-15 09:30:12', 'NJ/2022/01/0114', 9, 9, 38, NULL, 112, NULL, NULL, '', 300, 0, 0, 0, 0, 0, 0, 0, 0, 0, 0, 0, 0, 0, 0, '2022-01-15 17:30:12', '2022-01-15 22:35:47', '2022-01-16 01:28:05', NULL, '2022-01-19 10:33:10', 0, '0'),
(4345, '2022-01-17 01:23:42', 'NJ/2022/01/0115', 8, 12, NULL, NULL, 229, NULL, NULL, '', 600, 0, 0, 0, 0, 0, 0, 0, 0, 0, 0, 0, 0, 0, 0, '2022-01-17 09:23:42', '2022-01-17 10:51:07', '2022-01-17 12:06:05', NULL, '2022-01-19 10:36:02', 0, '0'),
(4346, '2022-01-17 02:30:57', 'NJ/2022/01/0116', 9, 9, 38, NULL, 60, 93, NULL, '', 0, 0, 0, 0, 60, 0, 0, 0, 0, 86, 0, 0, 0, 0, 0, '2022-01-17 10:30:57', '2022-01-17 13:11:39', '2022-01-17 13:33:05', NULL, '2022-01-19 10:36:31', 0, '0'),
(4347, '2022-01-17 03:04:28', 'NJ/2022/01/0117', 19, 11, 17, NULL, 229, NULL, NULL, '', 0, 13, 0, 1, 289, 0, 0, 0, 0, 0, 0, 0, 0, 0, 0, '2022-01-17 11:04:28', '2022-01-17 14:18:59', '2022-01-17 14:28:05', NULL, '2022-01-19 10:36:49', 0, '0'),
(4348, '2022-01-17 03:34:08', 'NJ/2022/01/0118', 10, 37, 30, NULL, 229, NULL, NULL, '', 0, 10, 0, 0, 300, 0, 0, 0, 0, 0, 0, 0, 0, 0, 0, '2022-01-17 11:34:08', '2022-01-17 14:51:33', '2022-01-17 14:33:05', NULL, '2022-01-19 10:37:04', 0, '0'),
(4349, '2022-01-17 03:49:31', 'NJ/2022/01/0119', 6, 2, NULL, NULL, 229, NULL, NULL, '', 0, 10, 0, 56, 530, 0, 0, 0, 0, 0, 0, 0, 0, 0, 0, '2022-01-17 11:49:31', '2022-01-17 13:29:31', '2022-01-17 15:40:05', NULL, '2022-01-19 10:37:36', 0, '0'),
(4350, '2022-01-17 04:20:35', 'NJ/2022/01/0120', 14, 15, 33, NULL, 62, NULL, NULL, '', 10, 0, 0, 0, 50, 0, 0, 0, 0, 0, 0, 0, 0, 0, 0, '2022-01-17 12:20:35', '2022-01-17 12:52:45', '2022-01-17 13:20:05', NULL, '2022-01-19 10:37:59', 0, '0'),
(4351, '2022-01-17 06:07:47', 'NJ/2022/01/0121', 14, 15, 33, NULL, 227, NULL, NULL, '', 0, 0, 0, 50, 0, 0, 0, 0, 0, 0, 0, 0, 0, 0, 0, '2022-01-17 14:07:47', '2022-01-17 14:27:02', '2022-01-17 14:30:05', NULL, '2022-01-19 10:38:23', 0, '0'),
(4352, '2022-01-17 06:34:36', 'NJ/2022/01/0122', 9, 9, 38, NULL, 229, NULL, NULL, '', 0, 0, 0, 0, 150, 0, 0, 0, 0, 0, 0, 0, 0, 0, 0, '2022-01-17 14:34:36', '2022-01-17 16:46:29', '2022-01-17 18:19:05', NULL, '2022-01-19 10:38:42', 0, '0'),
(4353, '2022-01-17 07:39:27', 'NJ/2022/01/0123', 10, 37, 32, NULL, 68, 70, NULL, '', 0, 10, 0, 50, 0, 10, 10, 0, 0, 250, 0, 0, 0, 0, 0, '2022-01-17 15:39:27', '2022-01-18 03:04:27', '2022-01-18 08:40:05', 'baiki pir sedikit bermasalah ', '2022-01-24 14:05:53', 0, '0'),
(4354, '2022-01-17 08:19:09', 'NJ/2022/01/0124', 1, 2, 16, 30, 112, NULL, NULL, '', 510, 0, 0, 85, 0, 0, 0, 0, 0, 0, 0, 0, 0, 0, 0, '2022-01-17 16:19:09', '2022-01-17 22:22:24', '2022-01-18 02:47:05', NULL, '2022-01-19 10:40:00', 0, '0'),
(4355, '2022-01-17 08:43:42', 'NJ/2022/01/0125', 14, 15, 33, NULL, 18, NULL, NULL, '', 0, 0, 0, 6, 50, 0, 0, 0, 0, 0, 0, 0, 0, 0, 0, '2022-01-17 16:43:42', '2022-01-17 18:02:00', '2022-01-18 18:10:05', NULL, '2022-01-19 10:42:07', 0, '0'),
(4356, '2022-01-18 02:02:19', 'NJ/2022/01/0126', 19, 37, NULL, NULL, 229, NULL, NULL, '', 600, 0, 0, 0, 0, 0, 0, 0, 0, 0, 0, 0, 0, 0, 0, '2022-01-18 10:02:19', '2022-01-18 11:29:44', NULL, NULL, NULL, 0, '0'),
(4357, '2022-01-18 02:29:48', 'NJ/2022/01/0127', 12, 15, 17, NULL, 34, NULL, NULL, '', 0, 0, 0, 0, 0, 0, 0, 0, 0, 0, 0, 0, 0, 0, 0, '2022-01-18 10:29:48', '2022-01-18 11:16:26', '2022-01-18 11:48:05', NULL, '2022-01-19 10:43:35', 0, '0'),
(4358, '2022-01-18 03:40:03', 'NJ/2022/01/0128', 14, 9, 38, NULL, 227, 45, NULL, '', 0, 30, 0, 0, 0, 0, 3, 0, 0, 58, 0, 0, 0, 0, 0, '2022-01-18 11:40:03', '2022-01-18 13:14:07', '2022-01-18 13:55:05', NULL, '2022-01-19 10:44:36', 0, '0'),
(4359, '2022-01-18 03:18:26', 'NJ/2022/01/0129', 4, 20, 30, NULL, 228, NULL, NULL, '', 0, 0, 0, 0, 100, 0, 0, 0, 0, 0, 0, 0, 0, 0, 0, '2022-01-18 11:18:26', '2022-01-18 13:38:06', '2022-01-18 13:45:05', NULL, '2022-01-19 10:44:16', 0, '0'),
(4360, '2022-01-18 04:08:11', 'NJ/2022/01/0130', 8, 11, NULL, NULL, 229, NULL, NULL, '', 0, 0, 0, 0, 0, 0, 0, 0, 0, 0, 0, 0, 0, 0, 0, '2022-01-18 12:08:11', '2022-01-18 13:35:36', '2022-01-18 14:40:05', NULL, '2022-01-19 10:45:01', 0, '0'),
(4361, '2022-01-18 06:34:11', 'NJ/2022/01/0131', 9, 9, 38, NULL, 31, NULL, NULL, '', 0, 0, 0, 0, 100, 0, 0, 0, 0, 0, 0, 0, 0, 0, 0, '2022-01-18 14:34:11', '2022-01-18 16:04:37', '2022-01-18 16:08:07', NULL, '2022-01-19 10:50:37', 0, '0'),
(4362, '2022-01-18 07:07:41', 'NJ/2022/01/0132', 17, 11, 20, NULL, 95, NULL, NULL, '', 0, 0, 0, 0, 315, 0, 0, 0, 0, 0, 0, 0, 0, 0, 0, '2022-01-18 15:07:41', '2022-01-19 03:35:19', '2022-01-19 09:00:07', 'kerusakan armada', '2022-02-16 09:29:53', 0, '0'),
(4363, '2022-01-18 07:32:38', 'NJ/2022/01/0133', 12, 15, 17, NULL, 195, 75, NULL, '', 10, 15, 0, 0, 10, 0, 13, 0, 0, 150, 0, 0, 0, 0, 0, '2022-01-18 15:32:38', '2022-01-18 20:47:56', '2022-01-19 10:00:07', 'kerusakan armada di danau salak', '2022-01-24 14:06:09', 0, '0'),
(4364, '2022-01-18 10:00:09', 'NJ/2022/01/0134', 1, 37, 33, NULL, 66, NULL, NULL, '', 50, 0, 0, 0, 304, 0, 0, 0, 0, 0, 0, 0, 0, 0, 0, '2022-01-18 18:00:09', '2022-01-19 13:16:20', '2022-01-19 17:50:53', NULL, '2022-01-20 09:08:35', 0, '0'),
(4365, '2022-01-18 09:20:07', 'NJ/2022/01/0135', 6, 23, NULL, NULL, 229, NULL, NULL, '', 400, 11, 0, 10, 558, 0, 0, 0, 0, 0, 0, 0, 0, 0, 0, '2022-01-18 17:20:07', '2022-01-18 19:00:07', NULL, NULL, NULL, 0, '0'),
(4366, '2022-01-18 08:33:48', 'NJ/2022/01/0136', 4, 9, 38, NULL, 16, NULL, NULL, '', 0, 0, 0, 0, 100, 0, 0, 0, 0, 0, 0, 0, 0, 0, 0, '2022-01-18 16:33:48', '2022-01-18 17:43:30', '2022-01-18 17:50:53', NULL, '2022-01-20 09:08:16', 0, '0'),
(4367, '2022-01-18 04:09:06', 'NJ/2022/01/0137', 12, 15, 17, NULL, 84, NULL, NULL, '', 0, 0, 0, 0, 150, 0, 0, 0, 0, 0, 0, 0, 0, 0, 0, '2022-01-18 12:09:06', '2022-01-18 13:58:51', '2022-01-18 14:20:07', NULL, '2022-01-19 10:50:14', 0, '0'),
(4368, '2022-01-19 02:24:13', 'NJ/2022/01/0138', 12, 15, 30, NULL, 41, NULL, NULL, '', 50, 10, 0, 0, 101, 0, 0, 0, 0, 0, 0, 0, 0, 0, 0, '2022-01-19 10:24:13', '2022-01-19 13:30:30', '2022-01-19 14:03:53', NULL, '2022-01-20 09:09:16', 0, '0'),
(4369, '2022-01-19 02:29:33', 'NJ/2022/01/0139', 14, 32, 17, NULL, 128, NULL, NULL, '', 0, 0, 0, 0, 100, 0, 0, 0, 0, 0, 0, 0, 0, 0, 0, '2022-01-19 10:29:33', '2022-01-19 13:33:15', '2022-01-19 14:42:53', NULL, '2022-01-20 09:09:33', 0, '0'),
(4370, '2022-01-19 03:10:45', 'NJ/2022/01/0140', 9, 9, 38, NULL, 229, NULL, NULL, '', 0, 25, 0, 5, 169, 0, 0, 0, 0, 0, 0, 0, 0, 0, 0, '2022-01-19 11:10:45', '2022-01-19 13:34:46', '2022-01-19 14:14:53', NULL, '2022-01-20 09:09:59', 0, '0'),
(4371, '2022-01-19 03:33:51', 'NJ/2022/01/0141', 19, 2, NULL, NULL, 229, NULL, NULL, '', 630, 0, 0, 0, 0, 0, 0, 0, 0, 0, 0, 0, 0, 0, 0, '2022-01-19 11:33:51', '2022-01-19 14:46:16', '2022-01-19 13:42:53', NULL, '2022-01-20 09:10:20', 0, '0'),
(4372, '2022-01-19 06:46:24', 'NJ/2022/01/0142', 12, 15, 30, NULL, 129, NULL, NULL, '', 70, 7, 0, 2, 100, 0, 0, 0, 0, 0, 0, 0, 0, 0, 0, '2022-01-19 14:46:24', '2022-01-19 22:21:20', '2022-01-19 23:05:25', NULL, '2022-01-21 09:36:22', 0, '0'),
(4373, '2022-01-19 07:07:41', 'NJ/2022/01/0143', 9, 9, 38, NULL, 149, NULL, NULL, '', 100, 0, 0, 0, 100, 0, 0, 0, 0, 0, 0, 0, 0, 0, 0, '2022-01-19 15:07:41', '2022-01-20 00:00:15', '2022-01-20 13:00:25', 'bongkar pagi', '2022-01-24 14:07:40', 0, '0'),
(4374, '2022-01-19 08:19:54', 'NJ/2022/01/0144', 4, 16, 13, NULL, 227, NULL, NULL, '', 50, 0, 0, 0, 0, 0, 0, 0, 0, 0, 0, 0, 0, 0, 0, '2022-01-19 16:19:54', '2022-01-19 16:34:59', '2022-01-19 16:36:53', NULL, '2022-01-20 09:11:13', 0, '0'),
(4375, '2022-01-19 08:23:19', 'NJ/2022/01/0145', 14, 32, 20, NULL, 19, NULL, NULL, '', 0, 0, 0, 0, 97, 0, 0, 0, 0, 0, 0, 0, 0, 0, 0, '2022-01-19 16:23:19', '2022-01-19 17:51:09', '2022-01-19 17:47:53', NULL, '2022-01-20 09:11:33', 0, '0'),
(4376, '2022-01-19 08:28:46', 'NJ/2022/01/0146', 6, 2, 32, 20, 221, 150, NULL, '', 150, 0, 0, 0, 250, 0, 0, 0, 30, 270, 0, 0, 0, 0, 0, '2022-01-19 16:28:46', '2022-01-20 12:18:12', '2022-01-20 18:37:25', NULL, '2022-01-21 09:35:04', 0, '0'),
(4377, '2022-01-19 10:00:39', 'NJ/2022/01/0147', 10, 11, 16, NULL, 83, NULL, NULL, '', 51, 0, 0, 0, 250, 0, 0, 0, 0, 0, 0, 0, 0, 0, 0, '2022-01-19 18:00:39', '2022-01-20 10:10:28', '2022-01-20 10:10:53', NULL, '2022-01-20 09:11:51', 0, '0'),
(4378, '2022-01-19 09:30:45', 'NJ/2022/01/0148', 1, 37, 33, 17, 7, 30, NULL, '', 0, 14, 0, 0, 136, 306, 0, 0, 0, 0, 0, 0, 0, 0, 0, '2022-01-19 17:30:45', '2022-01-20 08:49:52', '2022-01-19 13:13:25', NULL, '2022-01-21 09:36:50', 0, '0'),
(4379, '2022-01-19 10:20:09', 'NJ/2022/01/0149', 8, 12, NULL, NULL, 229, NULL, NULL, '', 0, 0, 0, 0, 300, 0, 0, 0, 0, 0, 0, 0, 0, 0, 0, '2022-01-19 18:20:09', '2022-01-19 19:47:34', '2022-01-19 20:00:25', NULL, '2022-01-21 09:37:11', 0, '0'),
(4380, '2022-01-20 03:20:00', 'NJ/2022/01/0150', 12, 15, 30, NULL, 93, 215, NULL, '', 0, 0, 0, 0, 93, 0, 10, 0, 5, 50, 0, 0, 0, 0, 0, '2022-01-20 11:20:00', '2022-01-20 14:15:00', '2022-01-20 14:10:25', NULL, '2022-01-21 09:38:07', 0, '0'),
(4381, '2022-01-20 04:05:10', 'NJ/2022/01/0151', 19, 12, NULL, NULL, 229, NULL, NULL, '', 0, 90, 0, 40, 215, 0, 0, 0, 0, 0, 0, 0, 0, 0, 0, '2022-01-20 12:05:10', '2022-01-20 13:32:35', '2022-01-20 15:37:25', NULL, '2022-01-21 09:38:31', 0, '0'),
(4382, '2022-01-20 10:00:31', 'NJ/2022/01/0152', 17, 11, 27, 16, 75, 6, NULL, '', 0, 0, 0, 0, 30, 50, 0, 0, 0, 219, 0, 0, 0, 0, 0, '2022-01-20 18:00:31', '2022-01-21 08:41:33', '2022-01-21 12:00:46', 'bongkar pagi', '2022-01-24 14:07:47', 0, '0'),
(4383, '2022-01-20 05:15:48', 'NJ/2022/01/0153', 6, 23, NULL, NULL, 229, NULL, NULL, '', 0, 32, 0, 2, 775, 0, 0, 0, 0, 0, 0, 0, 0, 0, 0, '2022-01-20 13:15:48', '2022-01-20 14:55:48', '2022-01-20 15:37:25', NULL, '2022-01-21 09:38:36', 0, '0'),
(4384, '2022-01-20 07:04:36', 'NJ/2022/01/0154', 12, 15, 30, NULL, 21, NULL, NULL, '', 0, 0, 0, 13, 150, 0, 0, 0, 0, 0, 0, 0, 0, 0, 0, '2022-01-20 15:04:36', '2022-01-20 22:35:30', '2022-01-21 02:16:25', NULL, '2022-01-21 09:39:11', 0, '0'),
(4385, '2022-01-20 10:59:02', 'NJ/2022/01/0155', 10, 37, 17, 20, 30, NULL, NULL, '', 600, 0, 0, 0, 0, 0, 0, 0, 0, 0, 0, 0, 0, 0, 0, '2022-01-20 18:59:02', '2022-01-21 09:45:43', '2022-01-21 14:44:46', 'bongkar pagi', '2022-01-24 14:06:54', 0, '0'),
(4386, '2022-01-21 02:31:58', 'NJ/2022/01/0156', 9, 9, 38, NULL, 76, NULL, NULL, '', 0, 0, 0, 0, 201, 0, 0, 0, 0, 0, 0, 0, 0, 0, 0, '2022-01-21 10:31:58', '2022-01-21 16:47:41', '2022-01-21 18:00:46', NULL, '2022-01-22 08:57:23', 0, '0'),
(4387, '2022-01-21 03:25:28', 'NJ/2022/01/0157', 12, 15, 30, NULL, 34, NULL, NULL, '', 0, 0, 0, 0, 180, 0, 0, 0, 0, 0, 0, 0, 0, 0, 0, '2022-01-21 11:25:28', '2022-01-21 14:00:26', '2022-01-21 12:45:46', NULL, '2022-01-22 08:57:45', 0, '0'),
(4388, '2022-01-21 03:46:52', 'NJ/2022/01/0158', 6, 2, NULL, NULL, 229, NULL, NULL, '', 460, 9, 0, 0, 550, 0, 0, 0, 0, 0, 0, 0, 0, 0, 0, '2022-01-21 11:46:52', '2022-01-21 13:26:52', '2022-01-21 14:16:46', NULL, '2022-01-22 08:58:00', 0, '0'),
(4389, '2022-01-21 07:01:48', 'NJ/2022/01/0159', 12, 15, 30, NULL, 60, 115, NULL, '', 0, 0, 0, 0, 80, 0, 0, 0, 0, 100, 0, 0, 0, 0, 0, '2022-01-21 15:01:48', '2022-01-21 17:32:37', '2022-01-21 17:18:46', NULL, '2022-01-22 08:58:20', 0, '0'),
(4390, '2022-01-21 10:30:04', 'NJ/2022/01/0160', 7, 2, 17, 32, 30, 123, NULL, '', 0, 10, 0, 0, 159, 100, 10, 0, 10, 230, 0, 0, 0, 0, 0, '2022-01-21 18:30:04', '2022-01-22 15:17:28', '2022-01-22 17:35:04', NULL, '2022-01-24 08:36:24', 0, '0'),
(4391, '2022-01-21 10:30:32', 'NJ/2022/01/0161', 8, 12, NULL, NULL, 229, NULL, NULL, '', 0, 10, 0, 0, 280, 0, 0, 0, 0, 0, 0, 0, 0, 0, 0, '2022-01-21 18:30:32', '2022-01-21 19:57:57', '2022-01-21 21:13:46', NULL, '2022-01-22 08:58:38', 0, '0'),
(4392, '2022-01-22 02:41:35', 'NJ/2022/01/0162', 9, 9, 38, NULL, 16, 35, NULL, '', 0, 0, 0, 0, 85, 0, 0, 0, 0, 100, 0, 0, 0, 0, 0, '2022-01-22 10:41:35', '2022-01-22 13:43:57', '2022-01-22 13:35:04', NULL, '2022-01-24 08:37:15', 0, '0'),
(4393, '2022-01-22 03:14:43', 'NJ/2022/01/0163', 18, 15, 16, NULL, 227, 195, NULL, '', 0, 0, 0, 0, 30, 0, 8, 0, 4, 50, 0, 0, 0, 0, 0, '2022-01-22 11:14:43', '2022-01-22 13:12:31', '2022-01-22 13:20:04', NULL, '2022-01-24 08:37:29', 0, '0'),
(4394, '2022-01-22 05:30:27', 'NJ/2022/01/0164', 19, 12, NULL, NULL, 229, NULL, NULL, '', 600, 0, 0, 0, 0, 0, 0, 0, 0, 0, 0, 0, 0, 0, 0, '2022-01-22 13:30:27', '2022-01-22 16:37:52', '2022-01-22 16:30:04', NULL, '2022-01-24 08:38:05', 0, '0'),
(4395, '2022-01-22 05:31:00', 'NJ/2022/01/0165', 17, 11, 27, NULL, 159, NULL, NULL, '', 0, 0, 0, 10, 250, 0, 0, 0, 0, 0, 0, 0, 0, 0, 0, '2022-01-22 13:31:00', '2022-01-23 02:11:52', '2022-01-23 06:16:04', NULL, '2022-01-24 08:37:47', 0, '0'),
(4396, '2022-01-22 05:58:47', 'NJ/2022/01/0166', 12, 15, 34, NULL, 217, 84, NULL, '', 0, 0, 0, 0, 41, 0, 10, 0, 0, 100, 0, 0, 0, 0, 0, '2022-01-22 13:58:47', '2022-01-22 16:21:34', '2022-01-22 16:58:04', NULL, '2022-01-24 08:38:19', 0, '0'),
(4397, '2022-01-22 06:02:33', 'NJ/2022/01/0167', 10, 37, 16, NULL, 222, NULL, NULL, '', 200, 10, 0, 10, 100, 0, 0, 0, 0, 0, 0, 0, 0, 0, 0, '2022-01-22 14:02:33', '2022-01-22 21:48:05', '2022-01-22 23:02:02', NULL, '2022-01-24 08:38:34', 0, '0'),
(4398, '2022-01-22 06:56:04', 'NJ/2022/01/0168', 4, 9, 38, NULL, 227, 49, NULL, '', 10, 0, 0, 0, 0, 50, 10, 0, 10, 50, 0, 0, 0, 0, 0, '2022-01-22 14:56:04', '2022-01-22 16:34:42', '2022-01-22 17:15:02', NULL, '2022-01-24 08:40:16', 0, '0'),
(4399, '2022-01-22 09:20:09', 'NJ/2022/01/0169', 1, 23, NULL, NULL, 229, NULL, NULL, '', 0, 0, 0, 5, 300, 0, 0, 0, 0, 0, 0, 0, 0, 0, 0, '2022-01-22 17:20:09', '2022-01-22 20:37:00', '2022-01-22 19:08:02', NULL, '2022-01-24 08:40:36', 0, '0'),
(4400, '2022-01-22 08:00:33', 'NJ/2022/01/0170', 9, 9, 38, NULL, 186, NULL, NULL, '', 0, 0, 0, 0, 150, 0, 0, 0, 0, 0, 0, 0, 0, 0, 0, '2022-01-22 16:00:33', '2022-01-22 19:39:07', '2022-01-22 23:33:02', NULL, '2022-01-24 08:40:58', 0, '0'),
(4401, '2022-01-24 02:05:21', 'NJ/2022/01/0171', 18, 32, 27, NULL, 19, NULL, NULL, '', 0, 0, 0, 0, 100, 0, 0, 0, 0, 0, 0, 0, 0, 0, 0, '2022-01-24 10:05:21', '2022-01-24 11:33:11', '2022-01-24 11:05:06', NULL, '2022-01-25 08:13:39', 0, '0'),
(4402, '2022-01-24 02:09:25', 'NJ/2022/01/0172', 12, 15, 16, NULL, 60, 93, NULL, '', 0, 0, 0, 0, 60, 0, 0, 0, 0, 100, 0, 0, 0, 0, 0, '2022-01-24 10:09:25', '2022-01-24 12:50:07', '2022-01-24 12:20:06', NULL, '2022-01-25 08:13:57', 0, '0'),
(4403, '2022-01-24 02:17:11', 'NJ/2022/01/0173', 9, 9, 38, NULL, 128, NULL, NULL, '', 50, 20, 0, 30, 100, 0, 0, 0, 0, 0, 0, 0, 0, 0, 0, '2022-01-24 10:17:11', '2022-01-24 13:48:23', '2022-01-24 14:29:06', NULL, '2022-01-25 08:14:14', 0, '0'),
(4404, '2022-01-24 02:55:26', 'NJ/2022/01/0174', 6, 23, NULL, NULL, 229, NULL, NULL, '', 0, 0, 0, 0, 810, 0, 0, 0, 0, 0, 0, 0, 0, 0, 0, '2022-01-24 10:55:26', '2022-01-24 12:35:26', '2022-01-24 13:23:06', NULL, '2022-01-25 08:14:33', 0, '0'),
(4405, '2022-01-24 03:59:24', 'NJ/2022/01/0175', 10, 37, 33, NULL, 147, NULL, NULL, '', 50, 0, 0, 0, 300, 0, 0, 0, 0, 0, 0, 0, 0, 0, 0, '2022-01-24 11:59:24', '2022-01-25 02:07:36', '2022-01-25 09:24:31', NULL, '2022-01-26 08:33:06', 0, '0'),
(4406, '2022-01-24 04:06:03', 'NJ/2022/01/0176', 18, 32, 27, NULL, 103, 45, NULL, '', 5, 0, 0, 0, 10, 0, 0, 0, 0, 60, 0, 0, 0, 0, 0, '2022-01-24 12:06:03', '2022-01-24 13:40:42', '2022-01-24 13:05:06', NULL, '2022-01-25 08:14:50', 0, '0'),
(4407, '2022-01-24 05:36:10', 'NJ/2022/01/0177', 17, 11, 17, NULL, 95, NULL, NULL, '', 0, 0, 0, 0, 317, 0, 0, 0, 0, 0, 0, 0, 0, 0, 0, '2022-01-24 13:36:10', '2022-01-25 02:04:53', '2022-01-25 05:34:06', NULL, '2022-01-25 08:15:29', 0, '0'),
(4408, '2022-01-24 06:16:56', 'NJ/2022/01/0178', 12, 15, 16, NULL, 75, NULL, NULL, '', 0, 10, 0, 0, 170, 0, 0, 0, 0, 0, 0, 0, 0, 0, 0, '2022-01-24 14:16:56', '2022-01-24 19:00:39', '2022-01-24 21:29:06', NULL, '2022-01-25 08:15:09', 0, '0'),
(4409, '2022-01-24 08:25:22', 'NJ/2022/01/0179', 1, 2, 30, NULL, 66, NULL, NULL, '', 100, 0, 0, 10, 262, 0, 0, 0, 0, 0, 0, 0, 0, 0, 0, '2022-01-24 16:25:22', '2022-01-25 11:34:38', '2022-01-25 11:46:31', NULL, '2022-01-26 08:31:53', 0, '0'),
(4410, '2022-01-24 08:15:05', 'NJ/2022/01/0180', 9, 9, 38, NULL, 132, 124, 222, '', 0, 10, 0, 0, 0, 30, 5, 0, 5, 70, 0, 0, 0, 0, 50, '2022-01-24 16:15:05', '2022-01-25 00:04:05', '2022-01-25 02:08:06', NULL, '2022-01-25 08:15:55', 0, '0'),
(4411, '2022-01-24 09:20:11', 'NJ/2022/01/0181', 7, 23, NULL, NULL, 229, NULL, NULL, '', 1400, 10, 0, 0, 0, 0, 0, 0, 0, 0, 0, 0, 0, 0, 0, '2022-01-24 17:20:11', '2022-01-24 19:00:11', '2022-01-24 19:30:06', NULL, '2022-01-25 08:16:31', 0, '0'),
(4412, '2022-01-24 09:14:28', 'NJ/2022/01/0182', 8, 12, NULL, NULL, 229, NULL, NULL, '', 0, 21, 0, 12, 265, 0, 0, 0, 0, 0, 0, 0, 0, 0, 0, '2022-01-24 17:14:28', '2022-01-24 20:25:33', '2022-01-24 20:25:31', NULL, '2022-01-26 08:32:25', 0, '0'),
(4413, '2022-01-25 02:27:27', 'NJ/2022/01/0183', 12, 15, 16, NULL, 84, NULL, NULL, '', 0, 0, 0, 0, 150, 0, 0, 0, 0, 0, 0, 0, 0, 0, 0, '2022-01-25 10:27:27', '2022-01-25 12:17:12', '2022-01-25 12:14:31', NULL, '2022-01-26 08:33:47', 0, '0'),
(4414, '2022-01-25 02:37:25', 'NJ/2022/01/0184', 18, 20, 27, NULL, 34, NULL, NULL, '', 0, 0, 0, 0, 100, 0, 0, 0, 0, 0, 0, 0, 0, 0, 0, '2022-01-25 10:37:25', '2022-01-25 12:18:13', '2022-01-25 11:31:31', NULL, '2022-01-26 08:33:59', 0, '0'),
(4415, '2022-01-25 03:13:29', 'NJ/2022/01/0185', 4, 32, 17, NULL, 200, NULL, NULL, '', 200, 0, 0, 0, 0, 0, 0, 0, 0, 0, 0, 0, 0, 0, 0, '2022-01-25 11:13:29', '2022-01-25 14:15:37', '2022-01-25 14:56:31', NULL, '2022-01-26 08:34:31', 0, '0'),
(4416, '2022-01-25 03:15:22', 'NJ/2022/01/0186', 9, 9, 38, NULL, 158, 199, 208, '', 0, 0, 0, 0, 100, 0, 0, 0, 0, 60, 0, 0, 0, 0, 21, '2022-01-25 11:15:22', '2022-01-25 14:55:02', '2022-01-25 15:06:31', NULL, '2022-01-26 08:34:16', 0, '0'),
(4417, '2022-01-25 04:08:37', 'NJ/2022/01/0187', 6, 23, NULL, NULL, 229, NULL, NULL, '', 315, 52, 0, 110, 476, 0, 0, 0, 0, 0, 0, 0, 0, 0, 0, '2022-01-25 12:08:37', '2022-01-25 18:07:55', '2022-01-25 14:17:31', NULL, '2022-01-26 08:34:53', 0, '0'),
(4418, '2022-01-25 04:16:25', 'NJ/2022/01/0188', 12, 15, 16, NULL, 200, NULL, NULL, '', 300, 0, 0, 0, 0, 0, 0, 0, 0, 0, 0, 0, 0, 0, 0, '2022-01-25 12:16:25', '2022-01-25 15:43:33', '2022-01-25 17:44:31', NULL, '2022-01-26 08:35:30', 0, '0'),
(4419, '2022-01-25 08:30:04', 'NJ/2022/01/0189', 10, 37, 20, NULL, 8, 82, NULL, '', 20, 0, 0, 0, 150, 0, 10, 0, 10, 100, 0, 0, 0, 0, 0, '2022-01-25 16:30:04', '2022-01-26 08:27:09', '2022-01-26 06:46:31', NULL, '2022-01-26 08:36:39', 0, '0'),
(4420, '2022-01-25 08:25:29', 'NJ/2022/01/0190', 9, 9, 38, NULL, 67, NULL, NULL, '', 0, 10, 0, 5, 155, 0, 0, 0, 0, 0, 0, 0, 0, 0, 0, '2022-01-25 16:25:29', '2022-01-25 22:13:09', '2022-01-26 02:25:31', NULL, '2022-01-26 08:36:21', 0, '0'),
(4421, '2022-01-26 01:00:05', 'NJ/2022/01/0191', 1, 2, 16, NULL, 164, 204, NULL, '', 120, 0, 0, 6, 0, 150, 0, 0, 5, 100, 0, 0, 0, 0, 0, '2022-01-26 09:00:05', '2022-01-26 19:27:31', '2022-01-27 00:32:55', 'rem blong ', '2022-02-16 09:30:06', 0, '0'),
(4422, '2022-01-25 10:00:00', 'NJ/2022/01/0192', 12, 15, 27, NULL, 21, NULL, NULL, '', 50, 0, 0, 0, 150, 0, 0, 0, 0, 0, 0, 0, 0, 0, 0, '2022-01-25 18:00:00', '2022-01-26 01:39:04', '2022-01-26 06:46:31', NULL, '2022-01-26 08:37:00', 0, '0'),
(4423, '2022-01-25 09:13:43', 'NJ/2022/01/0193', 19, 23, 12, NULL, 229, NULL, NULL, '', 0, 10, 0, 0, 250, 0, 0, 0, 0, 0, 0, 0, 0, 0, 0, '2022-01-25 17:13:43', '2022-01-25 20:31:08', '2022-01-25 19:30:31', NULL, '2022-01-26 08:37:22', 0, '0'),
(4424, '2022-01-25 04:14:14', 'NJ/2022/01/0194', 18, 20, 27, NULL, 228, NULL, NULL, '', 0, 0, 0, 0, 110, 0, 0, 0, 0, 0, 0, 0, 0, 0, 0, '2022-01-25 12:14:14', '2022-01-25 14:39:19', '2022-01-25 15:03:31', NULL, '2022-01-26 09:07:28', 0, '0'),
(4425, '2022-01-26 02:46:44', 'NJ/2022/01/0195', 12, 15, 30, NULL, 60, 23, NULL, '', 0, 0, 0, 0, 40, 0, 0, 0, 0, 140, 0, 0, 0, 0, 0, '2022-01-26 10:46:44', '2022-01-26 13:25:19', '2022-01-26 13:05:55', NULL, '2022-01-27 08:59:44', 0, '0'),
(4426, '2022-01-26 02:48:53', 'NJ/2022/01/0196', 18, 32, 27, NULL, 227, 18, NULL, '', 30, 0, 0, 0, 17, 0, 0, 0, 1, 49, 0, 0, 0, 0, 0, '2022-01-26 10:48:53', '2022-01-26 12:53:51', '2022-01-26 13:10:55', NULL, '2022-01-27 08:59:58', 0, '0'),
(4427, '2022-01-26 03:22:56', 'NJ/2022/01/0197', 9, 9, 38, NULL, 229, NULL, NULL, '', 0, 0, 0, 0, 200, 0, 0, 0, 0, 0, 0, 0, 0, 0, 0, '2022-01-26 11:22:56', '2022-01-26 13:52:52', '2022-01-26 14:55:55', NULL, '2022-01-27 09:00:10', 0, '0'),
(4428, '2022-01-26 03:47:28', 'NJ/2022/01/0198', 7, 23, NULL, NULL, 229, NULL, NULL, '', 0, 0, 0, 0, 810, 0, 0, 0, 0, 0, 0, 0, 0, 0, 0, '2022-01-26 11:47:28', '2022-01-26 18:19:58', '2022-01-26 14:30:55', NULL, '2022-01-27 09:00:32', 0, '0'),
(4429, '2022-01-26 05:58:34', 'NJ/2022/01/0199', 12, 15, 30, NULL, 229, NULL, NULL, '', 0, 10, 0, 0, 175, 0, 0, 0, 0, 0, 0, 0, 0, 0, 0, '2022-01-26 13:58:34', '2022-01-26 16:21:08', '2022-01-26 16:23:55', NULL, '2022-01-27 09:01:13', 0, '0'),
(4430, '2022-01-26 06:30:19', 'NJ/2022/01/0200', 10, 37, 32, NULL, 83, NULL, NULL, '', 100, 0, 0, 0, 250, 0, 0, 0, 0, 0, 0, 0, 0, 0, 0, '2022-01-26 14:30:19', '2022-01-27 01:52:23', '2022-01-27 04:09:55', NULL, '2022-01-27 09:01:42', 0, '0'),
(4431, '2022-01-26 07:47:16', 'NJ/2022/01/0201', 9, 9, 38, NULL, 34, 10, NULL, '', 0, 0, 0, 0, 100, 0, 0, 0, 0, 95, 0, 0, 0, 0, 0, '2022-01-26 15:47:16', '2022-01-26 18:49:38', '2022-01-26 18:35:55', NULL, '2022-01-27 09:02:05', 0, '0'),
(4432, '2022-01-26 08:31:40', 'NJ/2022/01/0202', 8, 12, NULL, NULL, 229, NULL, NULL, '', 0, 10, 0, 0, 300, 0, 0, 0, 0, 0, 0, 0, 0, 0, 0, '2022-01-26 16:31:40', '2022-01-26 19:49:05', '2022-01-26 20:35:55', NULL, '2022-01-27 09:02:20', 0, '0'),
(4433, '2022-01-26 08:44:48', 'NJ/2022/01/0203', 6, 23, NULL, NULL, 229, NULL, NULL, '', 500, 0, 0, 0, 500, 0, 0, 0, 0, 0, 0, 0, 0, 0, 0, '2022-01-26 16:44:48', '2022-01-26 22:48:41', '2022-01-26 20:35:55', NULL, '2022-01-27 09:02:24', 0, '0'),
(4434, '2022-01-26 08:54:39', 'NJ/2022/01/0204', 12, 15, 30, NULL, 75, 129, NULL, '', 0, 0, 0, 0, 50, 40, 2, 0, 3, 100, 0, 0, 0, 0, 0, '2022-01-26 16:54:39', '2022-01-27 01:18:15', '2022-01-27 04:28:55', NULL, '2022-01-27 09:02:46', 0, '0'),
(4435, '2022-01-26 09:01:10', 'NJ/2022/01/0205', 17, 11, 27, NULL, 120, NULL, NULL, '', 50, 10, 0, 10, 281, 0, 0, 0, 0, 0, 0, 0, 0, 0, 0, '2022-01-26 17:01:10', '2022-01-27 12:04:54', '2022-01-27 12:20:05', NULL, '2022-01-28 09:15:09', 0, '0'),
(4436, '2022-01-26 10:59:01', 'NJ/2022/01/0206', 9, 9, 38, NULL, 112, 7, NULL, '', 0, 0, 0, 30, 0, 0, 10, 0, 5, 150, 0, 0, 0, 0, 0, '2022-01-26 18:59:01', '2022-01-27 01:54:36', '2022-01-27 09:30:55', 'lampu armada rusak', '2022-02-16 09:31:21', 0, '0');
INSERT INTO `distribusi` (`id`, `tanggal`, `no_perjalanan`, `id_plat`, `driver`, `helper_1`, `helper_2`, `nama_pel_1`, `nama_pel_2`, `nama_pel_3`, `bongkar`, `cup1`, `a3301`, `a5001`, `a6001`, `refill1`, `cup2`, `a3302`, `a5002`, `a6002`, `refill2`, `cup3`, `a3303`, `a5003`, `a6003`, `refill3`, `jam_berangkat`, `estimasi_jam_datang`, `jam_datang`, `keterangan`, `tgl_validasi`, `validasi_oleh`, `status`) VALUES
(4437, '2022-01-27 01:53:34', 'NJ/2022/01/0207', 18, 20, 16, NULL, 19, NULL, NULL, '', 0, 0, 0, 0, 98, 0, 0, 0, 0, 0, 0, 0, 0, 0, 0, '2022-01-27 09:53:34', '2022-01-27 11:21:24', '2022-01-27 10:55:05', NULL, '2022-01-28 09:13:39', 0, '0'),
(4438, '2022-01-27 02:00:54', 'NJ/2022/01/0208', 4, 32, 17, NULL, 34, NULL, NULL, '', 0, 20, 0, 0, 80, 0, 0, 0, 0, 0, 0, 0, 0, 0, 0, '2022-01-27 10:00:54', '2022-01-27 11:41:17', '2022-01-27 10:52:05', NULL, '2022-01-28 09:13:59', 0, '0'),
(4439, '2022-01-27 02:19:04', 'NJ/2022/01/0209', 12, 15, 33, NULL, 16, 93, NULL, '', 0, 0, 0, 0, 100, 0, 0, 0, 0, 91, 0, 0, 0, 0, 0, '2022-01-27 10:19:04', '2022-01-27 13:21:26', '2022-01-27 13:18:05', NULL, '2022-01-28 09:14:11', 0, '0'),
(4440, '2022-01-27 03:19:27', 'NJ/2022/01/0210', 4, 32, 17, NULL, 228, NULL, NULL, '', 0, 30, 0, 0, 68, 0, 0, 0, 0, 0, 0, 0, 0, 0, 0, '2022-01-27 11:19:27', '2022-01-27 13:29:17', '2022-01-27 13:51:05', NULL, '2022-01-28 09:14:35', 0, '0'),
(4441, '2022-01-27 03:39:20', 'NJ/2022/01/0211', 18, 20, 16, NULL, 198, NULL, NULL, '', 0, 7, 0, 5, 100, 0, 0, 0, 0, 0, 0, 0, 0, 0, 0, '2022-01-27 11:39:20', '2022-01-27 13:15:46', '2022-01-27 13:03:05', NULL, '2022-01-28 09:14:47', 0, '0'),
(4442, '2022-01-27 04:12:22', 'NJ/2022/01/0212', 1, 2, NULL, NULL, 229, NULL, NULL, '', 0, 10, 0, 0, 250, 0, 0, 0, 0, 0, 0, 0, 0, 0, 0, '2022-01-27 12:12:22', '2022-01-27 19:54:47', '2022-01-27 19:54:05', 'penecekan armada di kentur', '2022-01-28 09:16:49', 0, '0'),
(4443, '2022-01-27 05:20:46', 'NJ/2022/01/0213', 19, 23, NULL, NULL, 229, NULL, NULL, '', 0, 10, 0, 0, 300, 0, 0, 0, 0, 0, 0, 0, 0, 0, 0, '2022-01-27 13:20:46', '2022-01-27 14:48:11', '2022-01-27 13:32:05', NULL, '2022-01-28 09:17:50', 0, '0'),
(4444, '2022-01-27 05:50:16', 'NJ/2022/01/0214', 10, 37, 20, NULL, 105, NULL, NULL, '', 50, 0, 0, 0, 301, 0, 0, 0, 0, 0, 0, 0, 0, 0, 0, '2022-01-27 13:50:16', '2022-01-28 04:54:22', '2022-01-28 10:00:05', NULL, '2022-01-28 09:19:06', 0, '0'),
(4445, '2022-01-27 06:16:16', 'NJ/2022/01/0215', 12, 15, 33, NULL, 37, NULL, NULL, '', 0, 50, 0, 0, 150, 0, 0, 0, 0, 0, 0, 0, 0, 0, 0, '2022-01-27 14:16:16', '2022-01-27 21:57:55', '2022-01-28 02:25:05', NULL, '2022-01-28 09:20:25', 0, '0'),
(4446, '2022-01-27 06:36:52', 'NJ/2022/01/0216', 4, 32, 17, NULL, 195, NULL, NULL, '', 0, 2, 0, 0, 80, 0, 0, 0, 0, 0, 0, 0, 0, 0, 0, '2022-01-27 14:36:52', '2022-01-27 15:56:58', '2022-01-27 15:34:05', NULL, '2022-01-28 09:21:31', 0, '0'),
(4447, '2022-01-27 07:55:39', 'NJ/2022/01/0217', 9, 32, 17, NULL, 63, 108, NULL, '', 0, 0, 0, 0, 0, 16, 10, 0, 5, 110, 0, 0, 0, 0, 0, '2022-01-27 15:55:39', '2022-01-27 22:27:29', '2022-01-28 02:27:16', NULL, '2022-01-28 09:23:35', 0, '0'),
(4448, '2022-01-28 01:55:32', 'NJ/2022/01/0218', 9, 9, 38, NULL, 41, 200, NULL, '', 0, 0, 0, 0, 100, 100, 0, 0, 0, 0, 0, 0, 0, 0, 0, '2022-01-28 09:55:32', '2022-01-28 13:56:50', '2022-01-28 14:16:24', NULL, '2022-01-29 09:13:54', 0, '0'),
(4449, '2022-01-28 02:13:54', 'NJ/2022/01/0219', 18, 16, 27, NULL, 227, 60, NULL, '', 0, 10, 0, 0, 0, 0, 0, 0, 0, 80, 0, 0, 0, 0, 0, '2022-01-28 10:13:54', '2022-01-28 11:53:03', '2022-01-28 11:20:24', NULL, '2022-01-29 09:14:09', 0, '0'),
(4450, '2022-01-28 03:15:33', 'NJ/2022/01/0220', 6, 2, NULL, NULL, 229, NULL, NULL, '', 0, 7, 0, 11, 780, 0, 0, 0, 0, 0, 0, 0, 0, 0, 0, '2022-01-28 11:15:33', '2022-01-28 12:55:33', NULL, NULL, NULL, 0, '0'),
(4451, '2022-01-28 03:33:24', 'NJ/2022/01/0221', 12, 15, 17, NULL, 228, NULL, NULL, '', 0, 50, 0, 0, 110, 0, 0, 0, 0, 0, 0, 0, 0, 0, 0, '2022-01-28 11:33:24', '2022-01-28 14:10:59', '2022-01-28 16:14:24', NULL, '2022-01-29 09:14:59', 0, '0'),
(4452, '2022-01-28 03:47:04', 'NJ/2022/01/0222', 17, 11, 27, NULL, 75, 189, NULL, '', 0, 10, 0, 0, 100, 20, 20, 0, 5, 150, 0, 0, 0, 0, 0, '2022-01-28 11:47:04', '2022-01-28 22:03:47', '2022-01-29 02:52:24', NULL, '2022-01-29 09:15:20', 0, '0'),
(4453, '2022-01-28 06:58:21', 'NJ/2022/01/0223', 9, 9, 38, NULL, 84, 34, NULL, '', 0, 0, 0, 0, 125, 50, 0, 0, 0, 0, 0, 0, 0, 0, 0, '2022-01-28 14:58:21', '2022-01-28 17:35:11', '2022-01-28 17:29:24', NULL, '2022-01-29 09:15:36', 0, '0'),
(4454, '2022-01-28 07:50:40', 'NJ/2022/01/0224', 8, 12, NULL, NULL, 229, NULL, NULL, '', 600, 0, 0, 0, 0, 0, 0, 0, 0, 0, 0, 0, 0, 0, 0, '2022-01-28 15:50:40', '2022-01-28 19:58:05', '2022-01-28 19:58:24', NULL, '2022-01-29 09:15:59', 0, '0'),
(4455, '2022-01-28 10:10:26', 'NJ/2022/01/0225', 7, 2, 30, 16, 6, 30, NULL, '', 100, 0, 0, 0, 200, 0, 20, 0, 30, 250, 0, 0, 0, 0, 0, '2022-01-28 18:10:26', '2022-01-29 12:06:15', NULL, NULL, NULL, 0, '0'),
(4456, '2022-01-29 02:04:58', 'NJ/2022/01/0226', 12, 15, 33, NULL, 229, NULL, NULL, '', 0, 5, 0, 10, 150, 0, 0, 0, 0, 0, 0, 0, 0, 0, 0, '2022-01-29 10:04:58', '2022-01-29 12:19:54', '2022-01-29 12:19:32', NULL, '2022-01-31 08:52:13', 0, '0'),
(4457, '2022-01-29 02:17:31', 'NJ/2022/01/0227', 18, 32, 27, NULL, 103, NULL, NULL, '', 0, 0, 0, 0, 110, 0, 0, 0, 0, 0, 0, 0, 0, 0, 0, '2022-01-29 10:17:31', '2022-01-29 11:30:03', '2022-01-29 10:50:32', NULL, '2022-01-31 08:52:24', 0, '0'),
(4458, '2022-01-29 02:21:18', 'NJ/2022/01/0228', 9, 9, 38, NULL, 103, NULL, NULL, '', 0, 0, 0, 0, 200, 0, 0, 0, 0, 0, 0, 0, 0, 0, 0, '2022-01-29 10:21:18', '2022-01-29 12:22:35', '2022-01-29 11:40:32', NULL, '2022-01-31 08:52:34', 0, '0'),
(4459, '2022-01-29 03:20:20', 'NJ/2022/01/0229', 18, 32, 27, NULL, 130, NULL, NULL, '', 0, 3, 0, 2, 100, 0, 0, 0, 0, 0, 0, 0, 0, 0, 0, '2022-01-29 11:20:20', '2022-01-29 14:33:14', '2022-01-29 14:45:32', NULL, '2022-01-31 08:52:46', 0, '0'),
(4460, '2022-01-29 03:40:11', 'NJ/2022/01/0230', 19, 37, NULL, NULL, 229, NULL, NULL, '', 0, 0, 0, 0, 290, 0, 0, 0, 0, 0, 0, 0, 0, 0, 0, '2022-01-29 11:40:11', '2022-01-29 14:55:56', '2022-01-29 14:26:32', NULL, '2022-01-31 08:52:55', 0, '0'),
(4461, '2022-01-29 04:14:21', 'NJ/2022/01/0231', 9, 9, 38, NULL, 191, NULL, NULL, '', 0, 8, 0, 0, 110, 0, 0, 0, 0, 0, 0, 0, 0, 0, 0, '2022-01-29 12:14:21', '2022-01-29 13:34:04', '2022-01-29 14:20:32', NULL, '2022-01-31 08:53:03', 0, '0'),
(4462, '2022-01-29 05:32:29', 'NJ/2022/01/0232', 12, 15, 32, NULL, 135, NULL, NULL, '', 0, 0, 0, 0, 160, 0, 0, 0, 0, 0, 0, 0, 0, 0, 0, '2022-01-29 13:32:29', '2022-01-29 19:21:10', '2022-01-29 22:30:32', NULL, '2022-01-31 08:53:16', 0, '0'),
(4463, '2022-01-29 10:00:01', 'NJ/2022/01/0233', 10, 37, 17, NULL, 40, NULL, NULL, '', 51, 50, 0, 30, 150, 0, 0, 0, 0, 0, 0, 0, 0, 0, 0, '2022-01-29 18:00:01', '2022-01-30 12:12:37', '2022-01-30 15:22:32', NULL, '2022-01-31 08:53:45', 0, '0'),
(4464, '2022-01-29 07:05:25', 'NJ/2022/01/0234', 9, 9, 38, NULL, 8, NULL, NULL, '', 0, 0, 0, 0, 150, 0, 0, 0, 0, 0, 0, 0, 0, 0, 0, '2022-01-29 15:05:25', '2022-01-29 21:06:29', '2022-01-30 00:51:32', NULL, '2022-01-31 08:53:30', 0, '0'),
(4465, '2022-01-29 10:00:57', 'NJ/2022/01/0235', 17, 11, 33, NULL, 66, NULL, NULL, '', 51, 0, 0, 20, 283, 0, 0, 0, 0, 0, 0, 0, 0, 0, 0, '2022-01-29 18:00:57', '2022-01-30 13:12:40', '2022-01-30 15:44:32', NULL, '2022-01-31 08:53:54', 0, '0'),
(4466, '2022-01-31 01:45:03', 'NJ/2022/01/0236', 18, 32, 27, NULL, 115, NULL, NULL, '', 0, 0, 0, 0, 100, 0, 0, 0, 0, 0, 0, 0, 0, 0, 0, '2022-01-31 09:45:03', '2022-01-31 11:02:32', '2022-01-28 10:53:22', NULL, '2022-02-02 09:04:51', 0, '0'),
(4467, '2022-01-31 02:20:33', 'NJ/2022/01/0237', 12, 15, 30, NULL, 16, 45, NULL, '', 0, 0, 0, 0, 85, 0, 7, 0, 1, 55, 0, 0, 0, 0, 0, '2022-01-31 10:20:33', '2022-01-31 12:40:59', '2022-01-31 11:40:22', NULL, '2022-02-02 09:05:11', 0, '0'),
(4468, '2022-01-31 02:24:43', 'NJ/2022/01/0238', 9, 9, 38, NULL, 219, 187, NULL, '', 0, 0, 0, 0, 50, 30, 0, 0, 0, 120, 0, 0, 0, 0, 0, '2022-01-31 10:24:43', '2022-01-31 14:38:39', '2022-01-31 15:30:22', NULL, '2022-02-02 09:05:28', 0, '0'),
(4469, '2022-01-31 03:22:46', 'NJ/2022/01/0239', 10, 2, 16, 33, 103, NULL, NULL, '', 0, 0, 0, 0, 301, 0, 0, 0, 0, 0, 0, 0, 0, 0, 0, '2022-01-31 11:22:46', '2022-01-31 13:26:01', '2022-01-31 12:30:22', NULL, '2022-02-02 09:05:46', 0, '0'),
(4470, '2022-01-31 07:10:19', 'NJ/2022/01/0240', 7, 2, 32, 20, 30, 95, NULL, '', 303, 0, 0, 0, 0, 0, 0, 0, 0, 515, 0, 0, 0, 0, 0, '2022-01-31 15:10:19', '2022-02-01 11:36:47', '2022-01-01 09:54:22', NULL, '2022-02-02 09:06:53', 0, '0'),
(4471, '2022-01-31 04:06:20', 'NJ/2022/01/0241', 18, 11, 27, NULL, 60, NULL, NULL, '', 0, 0, 0, 0, 80, 0, 0, 0, 0, 0, 0, 0, 0, 0, 0, '2022-01-31 12:06:20', '2022-01-31 13:12:59', '2022-01-31 12:50:22', NULL, '2022-02-02 09:06:02', 0, '0'),
(4472, '2022-01-31 06:38:21', 'NJ/2022/01/0242', 10, 12, 16, NULL, 83, NULL, NULL, '', 0, 20, 0, 20, 250, 0, 0, 0, 0, 0, 0, 0, 0, 0, 0, '2022-01-31 14:38:21', '2022-02-01 01:47:05', '2022-01-01 08:43:22', NULL, '2022-02-02 09:06:41', 0, '0'),
(4473, '2022-01-31 08:31:06', 'NJ/2022/01/0243', 15, 15, 30, NULL, 229, NULL, NULL, '', 0, 0, 0, 0, 100, 0, 0, 0, 0, 0, 0, 0, 0, 0, 0, '2022-01-31 16:31:06', '2022-01-31 18:24:55', '2022-01-01 18:39:22', NULL, '2022-02-02 09:07:14', 0, '0'),
(4474, '2022-01-31 09:07:10', 'NJ/2022/01/0244', 4, 11, 27, NULL, 229, NULL, NULL, '', 0, 0, 0, 0, 100, 0, 0, 0, 0, 0, 0, 0, 0, 0, 0, '2022-01-31 17:07:10', '2022-01-31 19:00:59', '2022-01-01 19:00:22', NULL, '2022-02-02 09:07:36', 0, '0'),
(4475, '2022-01-31 09:06:33', 'NJ/2022/01/0245', 9, 9, 38, NULL, 132, 84, NULL, '', 0, 0, 0, 0, 50, 0, 0, 0, 0, 52, 0, 0, 0, 0, 0, '2022-01-31 17:06:33', '2022-01-31 19:00:18', '2022-01-01 18:37:22', NULL, '2022-02-02 09:08:16', 0, '0'),
(4476, '2022-01-31 09:22:46', 'NJ/2022/01/0246', 7, 23, NULL, NULL, 229, NULL, NULL, '', 0, 2, 0, 1, 775, 0, 0, 0, 0, 0, 0, 0, 0, 0, 0, '2022-01-31 17:22:46', '2022-01-31 19:02:46', '2022-01-01 19:59:22', NULL, '2022-02-02 09:08:34', 0, '0'),
(4477, '2022-01-31 10:51:29', 'NJ/2022/01/0247', 12, 15, 30, NULL, 7, NULL, NULL, '', 30, 10, 0, 0, 160, 0, 0, 0, 0, 0, 0, 0, 0, 0, 0, '2022-01-31 18:51:29', '2022-02-01 01:18:19', '2022-01-01 02:45:22', NULL, '2022-02-02 09:08:52', 0, '0'),
(4478, '2022-01-31 15:54:13', 'NJ/2022/01/0248', 9, 9, 38, NULL, 190, NULL, NULL, '', 20, 5, 0, 0, 190, 0, 0, 0, 0, 0, 0, 0, 0, 0, 0, '2022-01-31 23:54:13', '2022-02-01 12:35:44', '2022-01-01 16:23:45', NULL, '2022-02-02 09:32:45', 0, '0'),
(4479, '2022-01-31 11:23:28', 'NJ/2022/01/0249', 17, 11, 27, NULL, 75, 21, NULL, '', 0, 0, 0, 0, 130, 50, 10, 0, 20, 150, 0, 0, 0, 0, 0, '2022-01-31 19:23:28', '2022-02-01 10:37:42', '2022-01-01 06:35:45', NULL, '2022-02-02 09:10:11', 0, '0'),
(4480, '2022-02-02 01:46:22', 'NJ/2022/02/0001', 18, 16, 27, NULL, 19, NULL, NULL, '', 0, 0, 0, 0, 100, 0, 0, 0, 0, 0, 0, 0, 0, 0, 0, '2022-02-02 09:46:22', '2022-02-02 11:14:12', '2022-02-02 10:45:22', NULL, '2022-02-03 08:42:47', 0, '0'),
(4481, '2022-01-31 04:20:13', 'NJ/2022/01/0250', 12, 15, 30, NULL, 229, NULL, NULL, '', 300, 0, 0, 0, 0, 0, 0, 0, 0, 0, 0, 0, 0, 0, 0, '2022-01-31 12:20:13', '2022-01-31 14:27:56', '2022-01-01 15:03:22', NULL, '2022-02-02 09:07:55', 0, '0'),
(4482, '2022-02-02 02:25:00', 'NJ/2022/02/0002', 12, 15, 30, NULL, 34, NULL, NULL, '', 100, 0, 0, 0, 100, 0, 0, 0, 0, 0, 0, 0, 0, 0, 0, '2022-02-02 10:25:00', '2022-02-02 12:30:48', '2022-02-02 11:26:22', NULL, '2022-02-03 08:43:06', 0, '0'),
(4483, '2022-02-02 02:26:31', 'NJ/2022/02/0003', 15, 32, 17, NULL, 93, NULL, NULL, '', 0, 0, 0, 0, 100, 0, 0, 0, 0, 0, 0, 0, 0, 0, 0, '2022-02-02 10:26:31', '2022-02-02 12:04:43', '2022-02-02 11:55:22', NULL, '2022-02-03 08:43:25', 0, '0'),
(4484, '2022-02-02 02:46:24', 'NJ/2022/02/0004', 9, 20, 33, NULL, 75, 76, NULL, '', 0, 10, 0, 0, 20, 0, 0, 0, 0, 151, 0, 0, 0, 0, 0, '2022-02-02 10:46:24', '2022-02-02 17:18:22', '2022-02-03 07:15:22', 'kerusakn armada tali kopling pagat', '2022-02-16 09:31:04', 0, '0'),
(4485, '2022-02-02 03:07:20', 'NJ/2022/02/0005', 10, 37, 16, NULL, 229, NULL, NULL, '', 0, 10, 0, 10, 300, 0, 0, 0, 0, 0, 0, 0, 0, 0, 0, '2022-02-02 11:07:20', '2022-02-02 14:26:58', '2022-02-02 14:42:22', NULL, '2022-02-03 08:44:39', 0, '0'),
(4486, '2022-02-02 03:54:37', 'NJ/2022/02/0006', 7, 2, NULL, NULL, 229, NULL, NULL, '', 900, 74, 0, 117, 77, 0, 0, 0, 0, 0, 0, 0, 0, 0, 0, '2022-02-02 11:54:37', '2022-02-02 13:34:37', '2022-02-02 15:01:22', NULL, '2022-02-03 08:45:50', 0, '0'),
(4487, '2022-02-02 04:00:17', 'NJ/2022/02/0007', 17, 11, 27, NULL, 229, NULL, NULL, '', 0, 10, 0, 5, 300, 0, 0, 0, 0, 0, 0, 0, 0, 0, 0, '2022-02-02 12:00:17', '2022-02-02 13:27:42', '2022-02-02 14:58:22', NULL, '2022-02-03 08:43:43', 0, '0'),
(4488, '2022-02-02 04:23:32', 'NJ/2022/02/0008', 12, 15, 30, NULL, 60, 208, 179, '', 0, 0, 0, 0, 50, 0, 5, 0, 0, 37, 0, 0, 0, 0, 100, '2022-02-02 12:23:32', '2022-02-02 16:18:04', '2022-02-02 15:22:22', NULL, '2022-02-03 08:44:55', 0, '0'),
(4489, '2022-02-02 04:27:10', 'NJ/2022/02/0009', 15, 32, 17, NULL, 126, NULL, NULL, '', 0, 0, 0, 0, 100, 0, 0, 0, 0, 0, 0, 0, 0, 0, 0, '2022-02-02 12:27:10', '2022-02-02 13:49:50', '2022-02-02 14:50:22', NULL, '2022-02-03 08:45:07', 0, '0'),
(4490, '2022-02-02 06:38:54', 'NJ/2022/02/0010', 19, 12, NULL, NULL, 229, NULL, NULL, '', 0, 5, 0, 10, 300, 0, 0, 0, 0, 0, 0, 0, 0, 0, 0, '2022-02-02 14:38:54', '2022-02-02 16:06:19', '2022-02-02 20:32:00', 'menunggu fortal di buka', '2022-02-16 09:31:16', 0, '0'),
(4491, '2022-02-02 07:56:55', 'NJ/2022/02/0011', 8, 2, NULL, NULL, 229, NULL, NULL, '', 600, 0, 0, 0, 0, 0, 0, 0, 0, 0, 0, 0, 0, 0, 0, '2022-02-02 15:56:55', '2022-02-02 19:04:20', '2022-02-03 10:00:22', NULL, '2022-02-03 08:46:17', 0, '0'),
(4492, '2022-02-02 10:59:54', 'NJ/2022/02/0012', 10, 37, 16, NULL, 159, NULL, NULL, '', 100, 0, 0, 0, 134, 0, 0, 0, 0, 0, 0, 0, 0, 0, 0, '2022-02-02 18:59:54', '2022-02-03 12:07:44', '2022-02-03 13:51:00', NULL, '2022-02-04 08:33:07', 0, '0'),
(4493, '2022-02-02 08:31:56', 'NJ/2022/02/0013', 18, 32, 17, NULL, 128, NULL, NULL, '', 0, 0, 0, 0, 100, 0, 0, 0, 0, 0, 0, 0, 0, 0, 0, '2022-02-02 16:31:56', '2022-02-02 19:35:38', '2022-02-02 19:34:22', NULL, '2022-02-03 08:46:58', 0, '0'),
(4494, '2022-02-02 08:36:37', 'NJ/2022/02/0014', 12, 15, 30, NULL, 41, NULL, NULL, '', 0, 0, 0, 0, 150, 0, 0, 0, 0, 0, 0, 0, 0, 0, 0, '2022-02-02 16:36:37', '2022-02-02 19:54:27', '2022-02-02 19:34:22', NULL, '2022-02-03 08:47:07', 0, '0'),
(4495, '2022-02-02 08:23:07', 'NJ/2022/02/0015', 17, 11, 27, NULL, 6, NULL, NULL, '', 100, 0, 0, 0, 231, 0, 0, 0, 0, 0, 0, 0, 0, 0, 0, '2022-02-02 16:23:07', '2022-02-03 02:29:49', '2022-02-03 07:16:22', 'menarik armada 8956 krna tdk bisa jalan', '2022-02-16 09:30:58', 0, '0'),
(4496, '2022-02-02 08:38:16', 'NJ/2022/02/0016', 15, 37, 16, NULL, 84, NULL, NULL, '', 0, 0, 0, 0, 100, 0, 0, 0, 0, 0, 0, 0, 0, 0, 0, '2022-02-02 16:38:16', '2022-02-02 18:00:56', '2022-02-02 18:00:22', NULL, '2022-02-03 08:47:19', 0, '0'),
(4497, '2022-02-03 02:12:47', 'NJ/2022/02/0017', 4, 9, 38, NULL, 16, NULL, NULL, '', 0, 0, 0, 0, 101, 0, 0, 0, 0, 0, 0, 0, 0, 0, 0, '2022-02-03 10:12:47', '2022-02-03 11:23:01', '2022-02-03 11:30:00', NULL, '2022-02-04 08:33:30', 0, '0'),
(4498, '2022-02-03 02:24:40', 'NJ/2022/02/0018', 12, 15, 30, NULL, 229, NULL, NULL, '', 0, 15, 0, 0, 170, 0, 0, 0, 0, 0, 0, 0, 0, 0, 0, '2022-02-03 10:24:40', '2022-02-03 12:46:16', '2022-02-03 13:10:00', NULL, '2022-02-04 08:33:50', 0, '0'),
(4499, '2022-02-03 02:45:25', 'NJ/2022/02/0019', 18, 32, 27, NULL, 195, NULL, NULL, '', 0, 4, 0, 4, 88, 0, 0, 0, 0, 0, 0, 0, 0, 0, 0, '2022-02-03 10:45:25', '2022-02-03 12:12:46', '2022-02-03 12:25:00', NULL, '2022-02-04 08:34:19', 0, '0'),
(4500, '2022-02-03 03:57:17', 'NJ/2022/02/0020', 6, 2, NULL, NULL, 229, NULL, NULL, '', 0, 0, 0, 0, 810, 0, 0, 0, 0, 0, 0, 0, 0, 0, 0, '2022-02-03 11:57:17', '2022-02-03 13:37:17', '2022-02-03 15:14:00', NULL, '2022-02-04 08:34:36', 0, '0'),
(4501, '2022-02-03 03:57:49', 'NJ/2022/02/0021', 4, 9, 38, NULL, 4, 217, NULL, '', 0, 10, 0, 0, 0, 0, 0, 0, 0, 50, 0, 0, 0, 0, 0, '2022-02-03 11:57:49', '2022-02-03 13:22:20', '2022-02-03 14:26:00', NULL, '2022-02-04 08:35:04', 0, '0'),
(4502, '2022-02-03 05:10:17', 'NJ/2022/02/0022', 17, 11, 17, NULL, 223, 129, NULL, '', 20, 3, 0, 0, 20, 100, 57, 0, 7, 100, 0, 0, 0, 0, 0, '2022-02-03 13:10:17', '2022-02-03 22:41:00', '2022-02-04 02:54:00', NULL, '2022-02-04 08:35:23', 0, '0'),
(4503, '2022-02-03 06:22:28', 'NJ/2022/02/0023', 12, 15, 32, NULL, 75, NULL, NULL, '', 0, 10, 0, 0, 170, 0, 0, 0, 0, 0, 0, 0, 0, 0, 0, '2022-02-03 14:22:28', '2022-02-03 19:06:11', '2022-02-03 21:36:00', NULL, '2022-02-04 08:35:49', 0, '0'),
(4504, '2022-02-03 08:07:20', 'NJ/2022/02/0024', 10, 37, 30, 16, 69, NULL, NULL, '', 20, 5, 0, 0, 251, 0, 0, 0, 0, 0, 0, 0, 0, 0, 0, '2022-02-03 16:07:20', '2022-02-04 01:57:33', NULL, NULL, NULL, 0, '0'),
(4505, '2022-02-03 09:43:20', 'NJ/2022/02/0025', 9, 9, 38, NULL, 223, NULL, NULL, '', 50, 7, 0, 132, 0, 0, 0, 0, 0, 0, 0, 0, 0, 0, 0, '2022-02-03 17:43:20', '2022-02-03 21:17:02', '2022-02-03 23:44:00', NULL, '2022-02-04 08:36:17', 0, '0'),
(4506, '2022-02-03 10:45:12', 'NJ/2022/02/0026', 7, 2, 20, NULL, 182, NULL, NULL, '', 700, 50, 0, 40, 200, 0, 0, 0, 0, 0, 0, 0, 0, 0, 0, '2022-02-03 18:45:12', '2022-02-04 22:47:42', '2022-02-05 10:00:10', NULL, '2022-02-05 10:39:53', 0, '0'),
(4507, '2022-02-04 01:54:06', 'NJ/2022/02/0027', 18, 15, 32, NULL, 229, NULL, NULL, '', 0, 0, 0, 0, 110, 0, 0, 0, 0, 0, 0, 0, 0, 0, 0, '2022-02-04 09:54:06', '2022-02-04 11:51:32', '2022-02-03 11:58:10', NULL, '2022-02-05 09:21:35', 0, '0'),
(4508, '2022-02-04 02:18:05', 'NJ/2022/02/0028', 9, 9, 38, NULL, 229, NULL, NULL, '', 0, 0, 0, 0, 200, 0, 0, 0, 0, 0, 0, 0, 0, 0, 0, '2022-02-04 10:18:05', '2022-02-04 12:48:01', '2022-02-04 13:35:10', NULL, '2022-02-05 09:22:40', 0, '0'),
(4509, '2022-02-04 03:07:44', 'NJ/2022/02/0029', 19, 23, NULL, NULL, 229, NULL, NULL, '', 620, 0, 0, 0, 0, 0, 0, 0, 0, 0, 0, 0, 0, 0, 0, '2022-02-04 11:07:44', '2022-02-04 12:35:09', '2022-02-04 14:12:10', NULL, '2022-02-05 09:23:21', 0, '0'),
(4510, '2022-02-04 06:14:57', 'NJ/2022/02/0030', 17, 11, 17, NULL, 229, NULL, NULL, '', 0, 10, 0, 0, 300, 0, 0, 0, 0, 0, 0, 0, 0, 0, 0, '2022-02-04 14:14:57', '2022-02-04 17:32:22', '2022-02-04 17:14:10', NULL, '2022-02-05 09:23:37', 0, '0'),
(4511, '2022-02-04 06:20:24', 'NJ/2022/02/0031', 10, 37, 33, NULL, 229, NULL, NULL, '', 0, 10, 0, 6, 297, 0, 0, 0, 0, 0, 0, 0, 0, 0, 0, '2022-02-04 14:20:24', '2022-02-04 17:39:09', '2022-02-04 18:20:10', NULL, '2022-02-05 09:55:30', 0, '0'),
(4512, '2022-02-04 07:06:55', 'NJ/2022/02/0032', 9, 9, 38, NULL, 34, NULL, NULL, '', 0, 0, 0, 0, 170, 0, 0, 0, 0, 0, 0, 0, 0, 0, 0, '2022-02-04 15:06:55', '2022-02-04 17:41:53', '2022-02-04 16:28:10', NULL, '2022-02-05 10:16:15', 0, '0'),
(4513, '2022-02-04 07:15:31', 'NJ/2022/02/0033', 18, 15, 32, NULL, 227, 60, NULL, '', 30, 0, 0, 30, 0, 0, 0, 0, 0, 45, 0, 0, 0, 0, 0, '2022-02-04 15:15:31', '2022-02-04 16:50:42', '2022-02-04 19:36:10', NULL, '2022-02-05 10:16:35', 0, '0'),
(4514, '2022-02-04 10:30:34', 'NJ/2022/02/0034', 10, 37, 33, NULL, 224, NULL, NULL, '', 100, 0, 0, 0, 250, 0, 0, 0, 0, 0, 0, 0, 0, 0, 0, '2022-02-04 18:30:34', '2022-02-05 10:06:00', '2022-02-05 12:54:37', NULL, '2022-02-07 09:28:22', 0, '0'),
(4515, '2022-02-04 09:10:49', 'NJ/2022/02/0035', 4, 15, 32, NULL, 229, NULL, NULL, '', 200, 0, 0, 0, 0, 0, 0, 0, 0, 0, 0, 0, 0, 0, 0, '2022-02-04 17:10:49', '2022-02-04 19:01:52', NULL, NULL, NULL, 0, '0'),
(4516, '2022-02-04 09:20:43', 'NJ/2022/02/0036', 6, 23, NULL, NULL, 229, NULL, NULL, '', 400, 20, 0, 0, 583, 0, 0, 0, 0, 0, 0, 0, 0, 0, 0, '2022-02-04 17:20:43', '2022-02-04 19:00:43', '2022-02-04 20:07:10', NULL, '2022-02-05 10:16:52', 0, '0'),
(4517, '2022-02-04 10:30:04', 'NJ/2022/02/0037', 17, 11, 17, NULL, 30, NULL, NULL, '', 0, 50, 0, 0, 253, 0, 0, 0, 0, 0, 0, 0, 0, 0, 0, '2022-02-04 18:30:04', '2022-02-05 10:06:17', NULL, NULL, NULL, 0, '0'),
(4518, '2022-02-04 09:44:37', 'NJ/2022/02/0038', 9, 9, 38, NULL, 222, NULL, NULL, '', 300, 0, 0, 0, 0, 0, 0, 0, 0, 0, 0, 0, 0, 0, 0, '2022-02-04 17:44:37', '2022-02-05 00:15:42', '2022-02-05 02:26:10', NULL, '2022-02-05 10:17:16', 0, '0'),
(4519, '2022-02-05 01:50:17', 'NJ/2022/02/0039', 18, 32, 30, NULL, 115, NULL, NULL, '', 0, 0, 0, 0, 100, 0, 0, 0, 0, 0, 0, 0, 0, 0, 0, '2022-02-05 09:50:17', '2022-02-05 11:07:46', '2022-02-05 10:52:37', NULL, '2022-02-07 09:28:46', 0, '0'),
(4520, '2022-02-05 01:53:36', 'NJ/2022/02/0040', 12, 15, 27, NULL, 84, NULL, NULL, '', 0, 10, 0, 10, 150, 0, 0, 0, 0, 0, 0, 0, 0, 0, 0, '2022-02-05 09:53:36', '2022-02-05 11:49:11', '2022-02-05 11:20:37', NULL, '2022-02-07 09:29:11', 0, '0'),
(4521, '2022-02-05 02:15:22', 'NJ/2022/02/0041', 9, 9, 38, NULL, 23, NULL, NULL, '', 0, 0, 0, 0, 171, 0, 0, 0, 0, 0, 0, 0, 0, 0, 0, '2022-02-05 10:15:22', '2022-02-05 12:19:04', '2022-02-05 12:38:37', NULL, '2022-02-07 09:29:53', 0, '0'),
(4522, '2022-02-05 03:11:49', 'NJ/2022/02/0042', 8, 23, NULL, NULL, 229, NULL, NULL, '', 100, 50, 0, 26, 200, 0, 0, 0, 0, 0, 0, 0, 0, 0, 0, '2022-02-05 11:11:49', '2022-02-05 12:39:14', '2022-02-05 14:41:37', NULL, '2022-02-07 09:30:37', 0, '0'),
(4523, '2022-02-05 03:58:51', 'NJ/2022/02/0043', 4, 32, 30, NULL, 110, NULL, NULL, '', 0, 0, 0, 100, 0, 0, 0, 0, 0, 0, 0, 0, 0, 0, 0, '2022-02-05 11:58:51', '2022-02-05 12:55:30', '2022-02-05 13:19:37', NULL, '2022-02-07 09:31:06', 0, '0'),
(4524, '2022-02-05 04:05:46', 'NJ/2022/02/0044', 1, 2, 16, 20, 66, NULL, NULL, '', 50, 0, 0, 0, 300, 0, 0, 0, 0, 0, 0, 0, 0, 0, 0, '2022-02-05 12:05:46', '2022-02-06 01:21:27', '2022-02-06 10:00:57', 'bongkar subuh', '2022-02-16 09:30:16', 0, '0'),
(4525, '2022-02-05 04:14:47', 'NJ/2022/02/0045', 12, 15, 33, NULL, 60, 93, NULL, '', 0, 0, 0, 0, 50, 0, 0, 0, 0, 95, 0, 0, 0, 0, 0, '2022-02-05 12:14:47', '2022-02-05 14:50:04', '2022-02-05 13:55:37', NULL, '2022-02-07 09:31:22', 0, '0'),
(4526, '2022-02-05 06:12:16', 'NJ/2022/02/0046', 9, 9, 38, NULL, 10, 18, NULL, '', 0, 0, 0, 0, 120, 0, 0, 0, 0, 46, 0, 0, 0, 0, 0, '2022-02-05 14:12:16', '2022-02-05 17:04:06', '2022-02-05 16:49:37', NULL, '2022-02-07 09:32:00', 0, '0'),
(4527, '2022-02-05 07:01:44', 'NJ/2022/02/0047', 12, 15, 32, NULL, 75, 7, NULL, '', 0, 10, 0, 0, 0, 12, 0, 0, 0, 150, 0, 0, 0, 0, 0, '2022-02-05 15:01:44', '2022-02-05 21:48:39', '2022-02-05 22:42:37', NULL, '2022-02-07 09:32:35', 0, '0'),
(4528, '2022-02-05 08:55:58', 'NJ/2022/02/0048', 10, 37, 17, 30, 105, NULL, NULL, '', 50, 8, 0, 2, 301, 0, 0, 0, 0, 0, 0, 0, 0, 0, 0, '2022-02-05 16:55:58', '2022-02-06 12:03:20', '2022-02-06 18:48:37', NULL, '2022-02-07 09:33:22', 0, '0'),
(4529, '2022-02-05 09:20:55', 'NJ/2022/02/0049', 7, 23, NULL, NULL, 229, NULL, NULL, '', 140, 0, 0, 100, 570, 0, 0, 0, 0, 0, 0, 0, 0, 0, 0, '2022-02-05 17:20:55', '2022-02-05 19:00:55', '2022-02-05 20:17:37', NULL, '2022-02-07 09:32:50', 0, '0'),
(4530, '2022-02-05 09:44:38', 'NJ/2022/02/0050', 9, 9, 38, NULL, 132, 229, NULL, '', 0, 25, 0, 0, 0, 0, 55, 0, 0, 100, 0, 0, 0, 0, 0, '2022-02-05 17:44:38', '2022-02-05 20:46:31', '2022-02-05 21:40:37', NULL, '2022-02-07 09:33:58', 0, '0'),
(4531, '2022-02-07 02:09:27', 'NJ/2022/02/0051', 9, 9, 38, NULL, 229, NULL, NULL, '', 300, 0, 0, 0, 0, 0, 0, 0, 0, 0, 0, 0, 0, 0, 0, '2022-02-07 10:09:27', '2022-02-07 12:17:10', '2022-02-07 13:05:16', NULL, '2022-02-08 07:44:01', 0, '0'),
(4532, '2022-02-07 02:15:51', 'NJ/2022/02/0052', 18, 32, 16, NULL, 60, 215, NULL, '', 0, 0, 0, 0, 50, 0, 0, 0, 0, 50, 0, 0, 0, 0, 0, '2022-02-07 10:15:51', '2022-02-07 12:39:36', '2022-02-07 12:21:16', NULL, '2022-02-08 07:44:15', 0, '0'),
(4533, '2022-02-06 02:37:39', 'NJ/2022/02/0053', 17, 11, 13, NULL, 83, NULL, NULL, '', 100, 0, 0, 0, 257, 0, 0, 0, 0, 0, 0, 0, 0, 0, 0, '2022-02-06 10:37:39', '2022-02-06 22:03:30', '2022-02-06 03:05:37', NULL, '2022-02-07 09:35:04', 0, '0'),
(4534, '2022-02-07 02:48:56', 'NJ/2022/02/0054', 12, 15, 30, NULL, 229, NULL, NULL, '', 300, 0, 0, 0, 0, 0, 0, 0, 0, 0, 0, 0, 0, 0, 0, '2022-02-07 10:48:56', '2022-02-07 12:56:39', '2022-02-07 14:00:16', NULL, '2022-02-08 07:44:34', 0, '0'),
(4535, '2022-02-07 03:25:16', 'NJ/2022/02/0055', 10, 37, 17, NULL, 229, NULL, NULL, '', 0, 10, 0, 5, 300, 0, 0, 0, 0, 0, 0, 0, 0, 0, 0, '2022-02-07 11:25:16', '2022-02-07 14:43:47', '2022-02-07 15:01:16', NULL, '2022-02-08 07:44:50', 0, '0'),
(4536, '2022-02-07 03:43:32', 'NJ/2022/02/0056', 6, 2, NULL, NULL, 229, NULL, NULL, '', 0, 37, 0, 14, 750, 0, 0, 0, 0, 0, 0, 0, 0, 0, 0, '2022-02-07 11:43:32', '2022-02-07 13:23:32', '2022-02-07 13:47:16', NULL, '2022-02-08 07:45:08', 0, '0'),
(4537, '2022-02-07 05:26:35', 'NJ/2022/02/0057', 15, 32, 16, NULL, 227, NULL, NULL, '', 40, 10, 0, 30, 25, 0, 0, 0, 0, 0, 0, 0, 0, 0, 0, '2022-02-07 13:26:35', '2022-02-07 14:07:55', '2022-02-07 13:46:16', NULL, '2022-02-08 07:45:28', 0, '0'),
(4538, '2022-02-07 06:12:41', 'NJ/2022/02/0058', 1, 2, 20, 33, 215, NULL, NULL, '', 600, 0, 0, 0, 0, 0, 0, 0, 0, 0, 0, 0, 0, 0, 0, '2022-02-07 14:12:41', '2022-02-07 16:59:42', '2022-02-07 17:06:16', NULL, '2022-02-08 07:45:51', 0, '0'),
(4539, '2022-02-07 06:25:03', 'NJ/2022/02/0059', 9, 9, 38, NULL, 19, 43, NULL, '', 0, 0, 0, 0, 89, 0, 2, 0, 1, 60, 0, 0, 0, 0, 0, '2022-02-07 14:25:03', '2022-02-07 18:09:58', '2022-02-07 15:47:16', NULL, '2022-02-08 07:46:00', 0, '0'),
(4540, '2022-02-07 06:36:16', 'NJ/2022/02/0060', 12, 15, 30, NULL, 67, NULL, NULL, '', 0, 0, 0, 0, 175, 0, 0, 0, 0, 0, 0, 0, 0, 0, 0, '2022-02-07 14:36:16', '2022-02-07 20:19:46', '2022-02-07 22:21:16', NULL, '2022-02-08 07:46:15', 0, '0'),
(4541, '2022-02-07 09:33:25', 'NJ/2022/02/0061', 8, 12, NULL, NULL, 229, NULL, NULL, '', 600, 0, 0, 0, 0, 0, 0, 0, 0, 0, 0, 0, 0, 0, 0, '2022-02-07 17:33:25', '2022-02-07 19:00:50', '2022-02-07 21:22:16', NULL, '2022-02-08 07:47:04', 0, '0'),
(4542, '2022-02-07 09:30:24', 'NJ/2022/02/0062', 17, 11, 32, NULL, 159, NULL, NULL, '', 0, 0, 0, 0, 271, 0, 0, 0, 0, 0, 0, 0, 0, 0, 0, '2022-02-07 17:30:24', '2022-02-08 11:09:01', '2022-02-08 10:11:34', NULL, '2022-02-09 08:07:37', 0, '0'),
(4543, '2022-02-07 09:30:45', 'NJ/2022/02/0063', 9, 9, 38, NULL, 18, 8, NULL, '', 0, 0, 0, 5, 0, 40, 0, 0, 0, 128, 0, 0, 0, 0, 0, '2022-02-07 17:30:45', '2022-02-08 00:01:34', '2022-02-08 02:02:16', NULL, '2022-02-08 07:46:38', 0, '0'),
(4544, '2022-02-07 09:30:58', 'NJ/2022/02/0064', 10, 37, 16, NULL, 159, NULL, NULL, '', 200, 150, 0, 100, 0, 0, 0, 0, 0, 0, 0, 0, 0, 0, 0, '2022-02-07 17:30:58', '2022-02-08 10:26:18', '2022-02-08 11:05:34', NULL, '2022-02-09 08:08:04', 0, '0'),
(4545, '2022-02-07 09:41:20', 'NJ/2022/02/0065', 7, 2, 20, 33, 30, 95, NULL, '', 400, 0, 0, 0, 0, 0, 0, 0, 0, 432, 0, 0, 0, 0, 0, '2022-02-07 17:41:20', '2022-02-08 13:54:00', '2022-02-08 19:35:34', NULL, '2022-02-09 08:08:43', 0, '0'),
(4546, '2022-02-08 01:50:49', 'NJ/2022/02/0066', 4, 12, NULL, NULL, 229, NULL, NULL, '', 220, 0, 0, 0, 0, 0, 0, 0, 0, 0, 0, 0, 0, 0, 0, '2022-02-08 09:50:49', '2022-02-08 11:08:32', '2022-02-08 14:27:34', NULL, '2022-02-09 08:09:05', 0, '0'),
(4547, '2022-02-08 02:31:13', 'NJ/2022/02/0067', 19, 23, NULL, NULL, 229, NULL, NULL, '', 0, 10, 0, 10, 300, 0, 0, 0, 0, 0, 0, 0, 0, 0, 0, '2022-02-08 10:31:13', '2022-02-08 11:58:38', '2022-02-08 12:46:34', NULL, '2022-02-09 08:09:25', 0, '0'),
(4548, '2022-02-08 02:47:55', 'NJ/2022/02/0068', 12, 15, 30, NULL, 16, 34, NULL, '', 0, 0, 0, 0, 85, 100, 0, 0, 0, 0, 0, 0, 0, 0, 0, '2022-02-08 10:47:55', '2022-02-08 13:15:35', '2022-02-08 11:56:34', NULL, '2022-02-09 08:11:59', 0, '0'),
(4549, '2022-02-08 02:52:41', 'NJ/2022/02/0069', 9, 9, 38, NULL, 34, NULL, NULL, '', 0, 0, 0, 0, 150, 0, 0, 0, 0, 0, 0, 0, 0, 0, 0, '2022-02-08 10:52:41', '2022-02-08 13:03:16', '2022-02-08 12:41:34', NULL, '2022-02-09 08:12:24', 0, '0'),
(4550, '2022-02-08 04:30:03', 'NJ/2022/02/0070', 10, 37, 16, 17, 40, NULL, NULL, '', 50, 0, 0, 0, 290, 0, 0, 0, 0, 0, 0, 0, 0, 0, 0, '2022-02-08 12:30:03', '2022-02-09 01:39:12', '2022-02-09 12:45:39', NULL, '2022-02-10 08:31:37', 0, '0'),
(4551, '2022-02-08 04:13:23', 'NJ/2022/02/0071', 18, 15, 30, NULL, 128, NULL, NULL, '', 0, 0, 0, 0, 100, 0, 0, 0, 0, 0, 0, 0, 0, 0, 0, '2022-02-08 12:13:23', '2022-02-08 15:17:05', '2022-02-08 15:19:34', NULL, '2022-02-09 08:16:09', 0, '0'),
(4552, '2022-02-08 06:47:00', 'NJ/2022/02/0072', 1, 12, 27, NULL, 82, 194, 159, '', 50, 10, 0, 10, 100, 0, 0, 0, 0, 175, 0, 50, 0, 0, 0, '2022-02-08 14:47:00', '2022-02-09 09:56:17', '2022-02-09 19:35:39', 'kunci ke lok di barabai', '2022-02-16 09:30:22', 0, '0'),
(4553, '2022-02-08 07:15:30', 'NJ/2022/02/0073', 9, 9, 38, NULL, 21, NULL, NULL, '', 0, 20, 0, 20, 150, 0, 0, 0, 0, 0, 0, 0, 0, 0, 0, '2022-02-08 15:15:30', '2022-02-08 22:53:44', '2022-02-09 02:59:34', NULL, '2022-02-09 08:16:50', 0, '0'),
(4554, '2022-02-08 08:08:08', 'NJ/2022/02/0074', 12, 15, 30, NULL, 75, NULL, NULL, '', 0, 10, 0, 0, 175, 0, 0, 0, 0, 0, 0, 0, 0, 0, 0, '2022-02-08 16:08:08', '2022-02-08 20:54:33', '2022-02-08 23:06:34', NULL, '2022-02-09 08:17:22', 0, '0'),
(4555, '2022-02-08 10:30:26', 'NJ/2022/02/0075', 17, 11, 32, 20, 181, NULL, NULL, '', 130, 20, 0, 0, 200, 0, 0, 0, 0, 0, 0, 0, 0, 0, 0, '2022-02-08 18:30:26', '2022-02-09 13:45:21', '2022-02-09 12:50:39', NULL, '2022-02-10 08:32:13', 0, '0'),
(4556, '2022-02-08 10:17:26', 'NJ/2022/02/0076', 6, 23, NULL, NULL, 229, NULL, NULL, '', 100, 0, 0, 30, 765, 0, 0, 0, 0, 0, 0, 0, 0, 0, 0, '2022-02-08 18:17:26', '2022-02-08 19:57:26', '2022-02-08 22:07:34', NULL, '2022-02-09 08:17:34', 0, '0'),
(4557, '2022-02-09 01:58:36', 'NJ/2022/02/0077', 19, 23, NULL, NULL, 229, NULL, NULL, '', 50, 62, 0, 0, 225, 0, 0, 0, 0, 0, 0, 0, 0, 0, 0, '2022-02-09 09:58:36', '2022-02-09 11:26:01', '2022-02-09 12:35:39', NULL, '2022-02-10 08:33:31', 0, '0'),
(4558, '2022-02-09 03:53:00', 'NJ/2022/02/0078', 9, 9, 38, NULL, 217, 35, 34, '', 0, 0, 0, 0, 47, 0, 0, 0, 0, 101, 0, 0, 0, 0, 25, '2022-02-09 11:53:00', '2022-02-09 15:42:24', '2022-02-09 15:25:39', NULL, '2022-02-10 08:33:53', 0, '0'),
(4559, '2022-02-09 03:57:04', 'NJ/2022/02/0079', 12, 15, 27, NULL, 84, NULL, NULL, '', 0, 0, 0, 10, 150, 0, 0, 0, 0, 0, 0, 0, 0, 0, 0, '2022-02-09 11:57:04', '2022-02-09 13:50:09', '2022-02-09 14:07:39', NULL, '2022-02-10 08:34:09', 0, '0'),
(4560, '2022-02-09 05:24:22', 'NJ/2022/02/0080', 8, 37, NULL, NULL, 229, NULL, NULL, '', 600, 18, 0, 0, 0, 0, 0, 0, 0, 0, 0, 0, 0, 0, 0, '2022-02-09 13:24:22', '2022-02-09 14:51:47', '2022-02-09 16:15:39', NULL, '2022-02-10 08:35:48', 0, '0'),
(4561, '2022-02-09 05:47:40', 'NJ/2022/02/0081', 7, 2, NULL, NULL, 229, NULL, NULL, '', 500, 41, 0, 9, 500, 0, 0, 0, 0, 0, 0, 0, 0, 0, 0, '2022-02-09 13:47:40', '2022-02-09 15:27:40', '2022-02-09 16:15:39', NULL, '2022-02-10 08:36:19', 0, '0'),
(4562, '2022-02-09 07:14:40', 'NJ/2022/02/0082', 12, 15, 33, NULL, 60, 5, 93, '', 0, 0, 0, 0, 50, 0, 0, 0, 0, 26, 0, 0, 0, 0, 87, '2022-02-09 15:14:40', '2022-02-09 18:49:34', '2022-02-09 18:25:39', NULL, '2022-02-10 08:36:54', 0, '0'),
(4563, '2022-02-09 08:08:23', 'NJ/2022/02/0083', 9, 9, 38, NULL, 41, NULL, NULL, '', 50, 10, 0, 10, 100, 0, 0, 0, 0, 0, 0, 0, 0, 0, 0, '2022-02-09 16:08:23', '2022-02-09 19:17:28', '2022-02-09 20:41:39', NULL, '2022-02-10 08:37:12', 0, '0'),
(4564, '2022-02-09 09:00:30', 'NJ/2022/02/0084', 10, 2, 20, NULL, 66, NULL, NULL, '', 50, 20, 0, 0, 273, 0, 0, 0, 0, 0, 0, 0, 0, 0, 0, '2022-02-09 17:00:30', '2022-02-10 12:04:53', '2022-02-10 09:55:42', NULL, '2022-02-11 08:43:11', 0, '0'),
(4565, '2022-02-09 10:59:35', 'NJ/2022/02/0085', 17, 11, 33, 17, 6, NULL, NULL, '', 50, 20, 0, 10, 220, 0, 0, 0, 0, 0, 0, 0, 0, 0, 0, '2022-02-09 18:59:35', '2022-02-10 09:08:13', '2022-02-10 12:54:42', NULL, '2022-02-11 08:43:27', 0, '0'),
(4566, '2022-02-10 02:36:17', 'NJ/2022/02/0086', 7, 2, NULL, NULL, 229, NULL, NULL, '', 0, 0, 0, 0, 810, 0, 0, 0, 0, 0, 0, 0, 0, 0, 0, '2022-02-10 10:36:17', '2022-02-10 12:16:17', '2022-02-10 12:55:42', NULL, '2022-02-11 08:43:44', 0, '0'),
(4567, '2022-02-10 03:00:13', 'NJ/2022/02/0087', 12, 15, 27, NULL, 216, NULL, NULL, '', 0, 60, 0, 0, 106, 0, 0, 0, 0, 0, 0, 0, 0, 0, 0, '2022-02-10 11:00:13', '2022-02-10 12:48:49', '2022-02-10 12:53:42', NULL, '2022-02-11 08:44:12', 0, '0'),
(4568, '2022-02-10 03:24:33', 'NJ/2022/02/0088', 9, 9, 38, NULL, 227, 62, NULL, '', 0, 20, 0, 30, 0, 0, 10, 0, 5, 50, 0, 0, 0, 0, 0, '2022-02-10 11:24:33', '2022-02-10 12:43:23', '2022-02-10 12:50:42', NULL, '2022-02-11 08:44:23', 0, '0'),
(4569, '2022-02-10 03:43:58', 'NJ/2022/02/0089', 18, 20, 16, NULL, 16, NULL, NULL, '', 0, 0, 0, 0, 100, 0, 0, 0, 0, 0, 0, 0, 0, 0, 0, '2022-02-10 11:43:58', '2022-02-10 12:53:40', '2022-02-10 15:20:42', NULL, '2022-02-11 08:44:52', 0, '0'),
(4570, '2022-02-10 05:58:48', 'NJ/2022/02/0090', 9, 9, 38, NULL, 212, 157, NULL, '', 0, 0, 0, 0, 100, 0, 0, 0, 0, 74, 0, 0, 0, 0, 0, '2022-02-10 13:58:48', '2022-02-10 16:58:21', '2022-02-10 16:55:42', NULL, '2022-02-11 08:45:08', 0, '0'),
(4571, '2022-02-10 06:09:54', 'NJ/2022/02/0091', 18, 20, 16, NULL, 191, NULL, NULL, '', 0, 8, 0, 0, 100, 0, 0, 0, 0, 0, 0, 0, 0, 0, 0, '2022-02-10 14:09:54', '2022-02-10 15:24:12', '2022-02-10 15:16:42', NULL, '2022-02-11 08:45:24', 0, '0'),
(4572, '2022-02-10 06:23:26', 'NJ/2022/02/0092', 12, 15, 32, NULL, 75, 129, NULL, '', 0, 0, 0, 0, 40, 70, 0, 0, 0, 100, 0, 0, 0, 0, 0, '2022-02-10 14:23:26', '2022-02-10 22:47:37', '2022-02-11 02:28:42', NULL, '2022-02-11 08:45:45', 0, '0'),
(4573, '2022-02-10 09:00:23', 'NJ/2022/02/0093', 10, 37, 27, NULL, 120, NULL, NULL, '', 50, 10, 0, 10, 280, 0, 0, 0, 0, 0, 0, 0, 0, 0, 0, '2022-02-10 17:00:23', '2022-02-11 12:03:35', '2022-02-11 13:10:32', NULL, '2022-02-12 08:30:06', 0, '0'),
(4574, '2022-02-10 10:02:14', 'NJ/2022/02/0094', 9, 9, 38, NULL, 7, 189, NULL, '', 25, 10, 0, 0, 0, 0, 10, 0, 10, 150, 0, 0, 0, 0, 0, '2022-02-10 18:02:14', '2022-02-11 02:36:42', '2022-02-11 09:00:32', 'bongkar subuh', '2022-02-16 09:31:10', 0, '0'),
(4575, '2022-02-10 10:42:43', 'NJ/2022/02/0095', 19, 12, NULL, NULL, 229, NULL, NULL, '', 600, 0, 0, 0, 0, 0, 0, 0, 0, 0, 0, 0, 0, 0, 0, '2022-02-10 18:42:43', '2022-02-10 20:10:08', '2022-02-10 21:00:42', NULL, '2022-02-11 08:46:05', 0, '0'),
(4576, '2022-02-11 03:18:40', 'NJ/2022/02/0096', 8, 23, NULL, NULL, 229, NULL, NULL, '', 0, 0, 0, 10, 300, 0, 0, 0, 0, 0, 0, 0, 0, 0, 0, '2022-02-11 11:18:40', '2022-02-11 12:46:05', '2022-02-11 15:25:32', NULL, '2022-02-12 08:31:12', 0, '0'),
(4577, '2022-02-11 03:23:20', 'NJ/2022/02/0097', 7, 2, 20, 16, 30, NULL, NULL, '', 500, 10, 0, 10, 300, 0, 0, 0, 0, 0, 0, 0, 0, 0, 0, '2022-02-11 11:23:20', '2022-02-11 23:55:33', '2022-02-12 05:40:32', NULL, '2022-02-12 08:31:33', 0, '0'),
(4578, '2022-02-11 06:22:10', 'NJ/2022/02/0098', 12, 15, NULL, NULL, 34, NULL, NULL, '', 0, 0, 0, 0, 130, 0, 0, 0, 0, 0, 0, 0, 0, 0, 0, '2022-02-11 14:22:10', '2022-02-11 17:51:18', '2022-02-11 15:21:32', NULL, '2022-02-12 08:32:11', 0, '0'),
(4579, '2022-02-11 06:33:53', 'NJ/2022/02/0099', 17, 11, 33, NULL, 83, NULL, NULL, '', 50, 20, 0, 10, 257, 0, 0, 0, 0, 0, 0, 0, 0, 0, 0, '2022-02-11 14:33:53', '2022-02-12 01:55:34', '2022-02-12 04:25:32', NULL, '2022-02-12 08:32:39', 0, '0'),
(4580, '2022-02-11 08:15:48', 'NJ/2022/02/0100', 12, 15, 32, NULL, 112, NULL, NULL, '', 300, 0, 0, 0, 0, 0, 0, 0, 0, 0, 0, 0, 0, 0, 0, '2022-02-11 16:15:48', '2022-02-11 21:21:23', '2022-02-12 00:10:32', 'tidak bisa bongkar karna terhalang mobil ws dan tidak ada kuncinya', '2022-02-16 09:31:32', 0, '0'),
(4581, '2022-02-11 08:34:41', 'NJ/2022/02/0101', 18, 9, 38, NULL, 195, NULL, NULL, '', 10, 18, 0, 2, 80, 0, 0, 0, 0, 0, 0, 0, 0, 0, 0, '2022-02-11 16:34:41', '2022-02-11 18:01:57', '2022-02-12 18:01:32', NULL, '2022-02-12 08:33:51', 0, '0'),
(4582, '2022-02-11 09:20:11', 'NJ/2022/02/0102', 6, 23, NULL, NULL, 229, NULL, NULL, '', 630, 54, 0, 4, 431, 0, 0, 0, 0, 0, 0, 0, 0, 0, 0, '2022-02-11 17:20:11', '2022-02-11 19:00:11', NULL, NULL, NULL, 0, '0'),
(4583, '2022-02-11 09:14:22', 'NJ/2022/02/0103', 1, 12, NULL, NULL, 229, NULL, NULL, '', 0, 50, 0, 20, 259, 0, 0, 0, 0, 0, 0, 0, 0, 0, 0, '2022-02-11 17:14:22', '2022-02-11 20:28:05', '2022-02-11 19:52:32', NULL, '2022-02-12 08:34:57', 0, '0'),
(4584, '2022-02-11 10:11:39', 'NJ/2022/02/0104', 15, 9, 38, NULL, 19, NULL, NULL, '', 0, 0, 0, 0, 100, 0, 0, 0, 0, 0, 0, 0, 0, 0, 0, '2022-02-11 18:11:39', '2022-02-11 19:39:29', NULL, NULL, NULL, 0, '0'),
(4585, '2022-02-12 02:38:24', 'NJ/2022/02/0105', 18, 15, 17, NULL, 84, NULL, NULL, '', 0, 0, 0, 0, 102, 0, 0, 0, 0, 0, 0, 0, 0, 0, 0, '2022-02-12 10:38:24', '2022-02-12 12:02:09', '2022-02-12 11:31:40', NULL, '2022-02-14 09:02:32', 0, '0'),
(4586, '2022-02-12 03:26:07', 'NJ/2022/02/0106', 9, 9, 38, NULL, 60, 199, 208, '', 0, 0, 0, 0, 60, 0, 0, 0, 0, 60, 0, 0, 0, 0, 31, '2022-02-12 11:26:07', '2022-02-12 14:49:32', '2022-02-12 14:44:40', NULL, '2022-02-14 09:02:50', 0, '0'),
(4587, '2022-02-12 03:33:19', 'NJ/2022/02/0107', 8, 2, NULL, NULL, 229, NULL, NULL, '', 0, 0, 0, 2, 300, 0, 0, 0, 0, 0, 0, 0, 0, 0, 0, '2022-02-12 11:33:19', '2022-02-12 14:49:30', '2022-02-12 14:47:40', NULL, '2022-02-14 09:04:23', 0, '0'),
(4588, '2022-02-12 03:51:16', 'NJ/2022/02/0108', 7, 12, NULL, NULL, 229, NULL, NULL, '', 600, 80, 0, 0, 450, 0, 0, 0, 0, 0, 0, 0, 0, 0, 0, '2022-02-12 11:51:16', '2022-02-12 13:31:16', '2022-02-12 14:37:40', NULL, '2022-02-14 09:04:03', 0, '0'),
(4589, '2022-02-12 04:19:01', 'NJ/2022/02/0109', 18, 15, 17, NULL, 198, NULL, NULL, '', 0, 7, 0, 4, 100, 0, 0, 0, 0, 0, 0, 0, 0, 0, 0, '2022-02-12 12:19:01', '2022-02-12 13:55:07', '2022-02-12 13:31:40', NULL, '2022-02-14 09:03:12', 0, '0'),
(4590, '2022-02-12 05:54:42', 'NJ/2022/02/0110', 17, 11, 27, NULL, 112, NULL, NULL, '', 400, 0, 0, 100, 0, 0, 0, 0, 0, 0, 0, 0, 0, 0, 0, '2022-02-12 13:54:42', '2022-02-12 20:27:24', '2022-02-12 22:05:40', NULL, '2022-02-14 09:03:33', 0, '0'),
(4591, '2022-02-12 06:15:40', 'NJ/2022/02/0111', 10, 37, 17, NULL, 68, 70, NULL, '', 0, 0, 0, 0, 100, 0, 10, 0, 10, 201, 0, 0, 0, 0, 0, '2022-02-12 14:15:40', '2022-02-13 01:49:57', '2022-02-13 03:52:40', NULL, '2022-02-14 09:03:46', 0, '0'),
(4592, '2022-02-12 07:15:09', 'NJ/2022/02/0112', 18, 15, 16, NULL, 87, NULL, NULL, '', 0, 0, 0, 0, 100, 0, 0, 0, 0, 0, 0, 0, 0, 0, 0, '2022-02-12 15:15:09', '2022-02-12 19:00:19', '2022-02-12 18:56:40', NULL, '2022-02-14 09:04:37', 0, '0'),
(4593, '2022-02-12 07:36:02', 'NJ/2022/02/0113', 15, 9, 38, NULL, 115, NULL, NULL, '', 0, 0, 0, 0, 100, 0, 0, 0, 0, 0, 0, 0, 0, 0, 0, '2022-02-12 15:36:02', '2022-02-12 16:53:31', '2022-02-12 17:16:40', NULL, '2022-02-14 09:04:48', 0, '0'),
(4594, '2022-02-12 09:16:18', 'NJ/2022/02/0114', 1, 2, 20, NULL, 150, NULL, NULL, '', 0, 0, 0, 0, 300, 0, 0, 0, 0, 0, 0, 0, 0, 0, 0, '2022-02-12 17:16:18', '2022-02-13 11:02:20', '2022-02-13 08:07:40', NULL, '2022-02-14 09:05:30', 0, '0'),
(4595, '2022-02-12 10:15:16', 'NJ/2022/02/0115', 9, 9, 38, NULL, 135, NULL, NULL, '', 0, 0, 0, 15, 160, 0, 0, 0, 0, 0, 0, 0, 0, 0, 0, '2022-02-12 18:15:16', '2022-02-13 00:00:50', '2022-02-13 04:50:40', NULL, '2022-02-14 09:05:08', 0, '0'),
(4596, '2022-02-14 02:00:47', 'NJ/2022/02/0116', 18, 32, 16, NULL, 45, NULL, NULL, '', 0, 0, 0, 0, 56, 0, 0, 0, 0, 0, 0, 0, 0, 0, 0, '2022-02-14 10:00:47', '2022-02-14 10:55:31', '2022-02-14 10:40:31', NULL, '2022-02-16 08:23:50', 0, '0'),
(4597, '2022-02-14 02:24:56', 'NJ/2022/02/0117', 12, 15, 17, NULL, 60, 93, NULL, '', 0, 0, 0, 0, 50, 0, 5, 0, 2, 100, 0, 0, 0, 0, 0, '2022-02-14 10:24:56', '2022-02-14 13:02:08', '2022-02-14 12:05:21', NULL, '2022-02-16 08:59:09', 0, '0'),
(4598, '2022-02-14 02:34:00', 'NJ/2022/02/0118', 9, 9, 38, NULL, 76, NULL, NULL, '', 0, 0, 0, 0, 200, 0, 0, 0, 0, 0, 0, 0, 0, 0, 0, '2022-02-14 10:34:00', '2022-02-14 16:49:11', '2022-02-14 18:50:21', NULL, '2022-02-16 08:59:25', 0, '0'),
(4599, '2022-02-14 03:05:52', 'NJ/2022/02/0119', 6, 23, NULL, NULL, 229, NULL, NULL, '', 600, 0, 0, 14, 350, 0, 0, 0, 0, 0, 0, 0, 0, 0, 0, '2022-02-14 11:05:52', '2022-02-14 12:45:52', '2022-02-14 17:47:21', NULL, '2022-02-16 09:03:05', 0, '0'),
(4600, '2022-02-14 03:13:52', 'NJ/2022/02/0120', 10, 37, 20, NULL, 229, NULL, NULL, '', 0, 0, 0, 0, 300, 0, 0, 0, 0, 0, 0, 0, 0, 0, 0, '2022-02-14 11:13:52', '2022-02-14 14:29:37', '2022-02-14 14:35:21', NULL, '2022-02-16 09:00:19', 0, '0'),
(4601, '2022-02-14 03:16:02', 'NJ/2022/02/0121', 18, 32, 16, NULL, 218, NULL, NULL, '', 0, 0, 0, 0, 100, 0, 0, 0, 0, 0, 0, 0, 0, 0, 0, '2022-02-14 11:16:02', '2022-02-14 12:54:14', '2022-02-14 13:10:21', NULL, '2022-02-16 09:00:34', 0, '0'),
(4602, '2022-02-14 03:34:04', 'NJ/2022/02/0122', 1, 2, 20, NULL, 229, NULL, NULL, '', 0, 5, 0, 5, 257, 0, 0, 0, 0, 0, 0, 0, 0, 0, 0, '2022-02-14 11:34:04', '2022-02-14 14:51:24', '2022-02-14 14:26:21', NULL, '2022-02-16 09:00:56', 0, '0'),
(4603, '2022-02-14 03:48:56', 'NJ/2022/02/0123', 17, 11, 33, NULL, 229, NULL, NULL, '', 0, 0, 0, 0, 295, 0, 0, 0, 0, 0, 0, 0, 0, 0, 0, '2022-02-14 11:48:56', '2022-02-14 15:04:41', '2022-02-14 14:50:21', NULL, '2022-02-16 09:01:10', 0, '0'),
(4604, '2022-02-14 07:10:21', 'NJ/2022/02/0124', 12, 15, 17, NULL, 41, 128, NULL, '', 0, 0, 0, 0, 100, 0, 0, 0, 0, 101, 0, 0, 0, 0, 0, '2022-02-14 15:10:21', '2022-02-14 19:38:45', '2022-02-14 18:30:21', NULL, '2022-02-16 09:02:00', 0, '0'),
(4605, '2022-02-14 07:17:11', 'NJ/2022/02/0125', 1, 2, 16, NULL, 95, NULL, NULL, '', 0, 0, 0, 0, 315, 0, 0, 0, 0, 0, 0, 0, 0, 0, 0, '2022-02-14 15:17:11', '2022-02-15 03:44:49', '2022-02-15 09:36:21', NULL, '2022-02-16 09:04:32', 0, '0'),
(4606, '2022-02-14 07:52:27', 'NJ/2022/02/0126', 17, 11, 33, NULL, 8, 21, NULL, '', 50, 0, 0, 5, 0, 100, 20, 0, 30, 150, 0, 0, 0, 0, 0, '2022-02-14 15:52:27', '2022-02-15 01:28:46', '2022-02-15 02:41:21', NULL, '2022-02-16 09:02:33', 0, '0'),
(4607, '2022-02-14 11:03:29', 'NJ/2022/02/0127', 10, 37, 17, NULL, 8, 82, NULL, '', 0, 0, 0, 0, 140, 50, 15, 0, 15, 100, 0, 0, 0, 0, 0, '2022-02-14 19:03:29', '2022-02-15 11:05:34', '2022-02-15 13:05:21', NULL, '2022-02-16 09:08:00', 0, '0'),
(4608, '2022-02-14 11:30:27', 'NJ/2022/02/0128', 12, 15, 32, NULL, 75, NULL, NULL, '', 0, 10, 0, 0, 148, 0, 0, 0, 0, 0, 0, 0, 0, 0, 0, '2022-02-14 19:30:27', '2022-02-15 00:02:15', '2022-02-15 01:01:21', NULL, '2022-02-16 09:03:30', 0, '0'),
(4609, '2022-02-15 02:04:48', 'NJ/2022/02/0129', 15, 20, 16, NULL, 16, NULL, NULL, '', 0, 0, 0, 0, 100, 0, 0, 0, 0, 0, 0, 0, 0, 0, 0, '2022-02-15 10:04:48', '2022-02-15 11:14:30', '2022-02-15 10:43:21', NULL, '2022-02-16 09:07:33', 0, '0'),
(4610, '2022-02-15 09:30:06', 'NJ/2022/02/0130', 7, 2, 20, 16, 112, 6, 30, '', 90, 0, 0, 100, 0, 100, 0, 0, 0, 225, 307, 100, 0, 20, 0, '2022-02-15 17:30:06', '2022-02-16 12:32:03', '2022-02-16 14:21:07', NULL, '2022-02-17 08:19:51', 0, '0'),
(4611, '2022-02-15 02:35:07', 'NJ/2022/02/0131', 8, 2, NULL, NULL, 229, NULL, NULL, '', 0, 15, 0, 0, 300, 0, 0, 0, 0, 0, 0, 0, 0, 0, 0, '2022-02-15 10:35:07', '2022-02-15 12:02:32', '2022-02-15 13:27:21', NULL, '2022-02-16 09:05:11', 0, '0'),
(4612, '2022-02-15 03:09:13', 'NJ/2022/02/0132', 12, 15, 13, NULL, 186, NULL, NULL, '', 0, 0, 0, 0, 150, 0, 0, 0, 0, 0, 0, 0, 0, 0, 0, '2022-02-15 11:09:13', '2022-02-15 14:47:47', '2022-02-15 15:16:21', NULL, '2022-02-16 09:04:52', 0, '0'),
(4613, '2022-02-15 04:01:01', 'NJ/2022/02/0133', 9, 9, 38, NULL, 34, NULL, NULL, '', 0, 0, 0, 0, 150, 0, 0, 0, 0, 0, 0, 0, 0, 0, 0, '2022-02-15 12:01:01', '2022-02-15 14:08:54', '2022-02-15 13:50:21', NULL, '2022-02-16 09:06:52', 0, '0'),
(4614, '2022-02-15 04:08:09', 'NJ/2022/02/0134', 18, 20, 16, NULL, 227, 34, NULL, '', 0, 0, 0, 20, 0, 100, 20, 0, 0, 0, 0, 0, 0, 0, 0, '2022-02-15 12:08:09', '2022-02-15 14:01:27', '2022-02-15 14:00:21', NULL, '2022-02-16 09:07:21', 0, '0'),
(4615, '2022-02-15 10:30:34', 'NJ/2022/02/0135', 17, 11, 32, NULL, 66, NULL, NULL, '', 50, 20, 0, 0, 273, 0, 0, 0, 0, 0, 0, 0, 0, 0, 0, '2022-02-15 18:30:34', '2022-02-16 13:34:57', '2022-02-16 15:43:07', NULL, '2022-02-17 08:20:11', 0, '0'),
(4616, '2022-02-15 09:00:38', 'NJ/2022/02/0136', 10, 37, 17, NULL, 147, NULL, NULL, '', 0, 0, 0, 0, 308, 0, 0, 0, 0, 0, 0, 0, 0, 0, 0, '2022-02-15 17:00:38', '2022-02-16 12:00:40', '2022-02-16 16:15:07', NULL, '2022-02-17 08:18:36', 0, '0'),
(4617, '2022-02-15 07:11:23', 'NJ/2022/02/0137', 18, 9, 38, NULL, 4, 84, 18, '', 10, 10, 0, 0, 5, 0, 0, 0, 0, 45, 0, 0, 0, 0, 51, '2022-02-15 15:11:23', '2022-02-15 18:15:17', '2022-02-15 17:50:21', NULL, '2022-02-16 09:08:23', 0, '0'),
(4619, '2022-02-15 08:02:05', 'NJ/2022/02/0139', 12, 15, 13, NULL, 7, NULL, NULL, '', 30, 10, 0, 0, 150, 0, 0, 0, 0, 0, 0, 0, 0, 0, 0, '2022-02-15 16:02:05', '2022-02-15 22:23:30', '2022-02-16 00:01:07', NULL, '2022-02-17 08:25:19', 0, '0'),
(4620, '2022-02-15 08:52:37', 'NJ/2022/02/0140', 6, 23, NULL, NULL, 229, NULL, NULL, '', 650, 0, 0, 0, 400, 0, 0, 0, 0, 0, 0, 0, 0, 0, 0, '2022-02-15 16:52:37', '2022-02-15 22:45:23', '2022-02-16 20:14:21', NULL, '2022-02-16 09:09:21', 0, '0'),
(4621, '2022-02-15 09:01:11', 'NJ/2022/02/0141', 1, 12, 33, NULL, 159, NULL, NULL, '', 30, 0, 0, 0, 300, 0, 0, 0, 0, 0, 0, 0, 0, 0, 0, '2022-02-15 17:01:11', '2022-02-16 05:45:41', '2022-02-16 17:29:07', 'bongkar pagi', '2022-03-07 15:46:29', 0, '0'),
(4622, '2022-02-15 10:07:24', 'NJ/2022/02/0142', 9, 9, 38, NULL, 196, NULL, NULL, '', 0, 0, 0, 0, 180, 0, 0, 0, 0, 0, 0, 0, 0, 0, 0, '2022-02-15 18:07:24', '2022-02-16 00:09:10', '2022-02-16 03:05:21', NULL, '2022-02-16 09:09:39', 0, '0'),
(4623, '2022-02-16 02:03:02', 'NJ/2022/02/0143', 12, 15, 30, NULL, 60, 84, NULL, '', 0, 0, 0, 0, 50, 0, 0, 0, 0, 105, 0, 0, 0, 0, 0, '2022-02-16 10:03:02', '2022-02-16 12:25:29', '2022-02-16 12:48:07', NULL, '2022-02-17 08:20:43', 0, '0'),
(4624, '2022-02-16 02:44:45', 'NJ/2022/02/0144', 19, 23, NULL, NULL, 229, NULL, NULL, '', 0, 0, 0, 0, 200, 0, 0, 0, 0, 0, 0, 0, 0, 0, 0, '2022-02-16 10:44:45', '2022-02-16 12:12:10', '2022-02-16 14:22:07', NULL, '2022-02-17 08:23:07', 0, '0'),
(4625, '2022-02-16 04:04:11', 'NJ/2022/02/0145', 18, 9, 38, NULL, 19, NULL, NULL, '', 0, 0, 0, 0, 90, 0, 0, 0, 0, 0, 0, 0, 0, 0, 0, '2022-02-16 12:04:11', '2022-02-16 13:32:01', '2022-02-16 13:42:07', NULL, '2022-02-17 08:23:43', 0, '0'),
(4626, '2022-02-16 06:10:40', 'NJ/2022/02/0146', 9, 9, 38, NULL, 229, 228, NULL, '', 0, 0, 0, 0, 50, 0, 0, 0, 0, 150, 0, 0, 0, 0, 0, '2022-02-16 14:10:40', '2022-02-16 17:18:23', '2022-02-16 17:56:07', NULL, '2022-02-17 08:23:57', 0, '0'),
(4627, '2022-02-16 06:15:43', 'NJ/2022/02/0147', 12, 15, 30, NULL, 108, NULL, NULL, '', 30, 15, 0, 7, 115, 0, 0, 0, 0, 0, 0, 0, 0, 0, 0, '2022-02-16 14:15:43', '2022-02-16 20:19:10', '2022-02-16 21:41:07', NULL, '2022-02-17 08:24:21', 0, '0'),
(4628, '2022-02-16 08:42:23', 'NJ/2022/02/0148', 6, 37, NULL, NULL, 229, NULL, NULL, '', 0, 0, 0, 0, 805, 0, 0, 0, 0, 0, 0, 0, 0, 0, 0, '2022-02-16 16:42:23', '2022-02-16 23:14:53', '2022-02-16 19:46:07', NULL, '2022-02-17 08:24:38', 0, '0'),
(4629, '2022-02-16 08:44:49', 'NJ/2022/02/0149', 7, 2, NULL, NULL, 229, NULL, NULL, '', 1500, 0, 0, 0, 0, 0, 0, 0, 0, 0, 0, 0, 0, 0, 0, '2022-02-16 16:44:49', '2022-02-16 22:34:49', '2022-02-16 22:34:07', NULL, '2022-02-17 08:24:54', 0, '0'),
(4630, '2022-02-17 02:39:56', 'NJ/2022/02/0150', 18, 32, 33, NULL, 93, NULL, NULL, '', 0, 0, 0, 0, 100, 0, 0, 0, 0, 0, 0, 0, 0, 0, 0, '2022-02-17 10:39:56', '2022-02-17 12:18:08', '2022-02-17 12:06:02', NULL, '2022-02-18 09:27:17', 0, '0'),
(4631, '2022-02-17 02:54:43', 'NJ/2022/02/0151', 6, 23, NULL, NULL, 229, NULL, NULL, '', 0, 5, 0, 15, 810, 0, 0, 0, 0, 0, 0, 0, 0, 0, 0, '2022-02-17 10:54:43', '2022-02-17 12:34:43', '2022-02-17 13:12:02', NULL, '2022-02-18 09:27:36', 0, '0'),
(4632, '2022-02-17 03:11:36', 'NJ/2022/02/0152', 12, 15, 16, NULL, 34, NULL, NULL, '', 0, 0, 0, 0, 200, 0, 0, 0, 0, 0, 0, 0, 0, 0, 0, '2022-02-17 11:11:36', '2022-02-17 13:46:34', '2022-02-17 12:53:02', NULL, '2022-02-18 09:27:47', 0, '0'),
(4633, '2022-02-17 03:41:43', 'NJ/2022/02/0153', 9, 9, 38, NULL, 34, 225, NULL, '', 0, 40, 0, 0, 0, 10, 5, 0, 5, 110, 0, 0, 0, 0, 0, '2022-02-17 11:41:43', '2022-02-17 14:13:21', '2022-02-17 15:00:02', NULL, '2022-02-18 09:28:00', 0, '0'),
(4634, '2022-02-17 04:14:15', 'NJ/2022/02/0154', 8, 37, NULL, NULL, 229, NULL, NULL, '', 0, 73, 0, 0, 250, 0, 0, 0, 0, 0, 0, 0, 0, 0, 0, '2022-02-17 12:14:15', '2022-02-17 13:41:40', '2022-02-17 15:18:02', NULL, '2022-02-18 09:28:13', 0, '0'),
(4635, '2022-02-17 06:12:00', 'NJ/2022/02/0155', 12, 32, 33, NULL, 10, NULL, NULL, '', 0, 10, 0, 0, 75, 0, 0, 0, 0, 0, 0, 0, 0, 0, 0, '2022-02-17 14:12:00', '2022-02-17 15:39:09', '2022-02-17 15:40:02', NULL, '2022-02-18 09:28:25', 0, '0'),
(4636, '2022-02-17 06:12:58', 'NJ/2022/02/0156', 12, 15, 16, NULL, 190, NULL, NULL, '', 20, 0, 0, 0, 190, 0, 0, 0, 0, 0, 0, 0, 0, 0, 0, '2022-02-17 14:12:58', '2022-02-17 21:53:14', '2022-02-18 00:40:02', NULL, '2022-02-18 09:29:09', 0, '0'),
(4637, '2022-02-17 07:00:07', 'NJ/2022/02/0157', 1, 2, 20, NULL, 105, NULL, NULL, '', 50, 5, 0, 5, 300, 0, 0, 0, 0, 0, 0, 0, 0, 0, 0, '2022-02-17 15:00:07', '2022-02-18 07:36:36', '2022-02-18 09:00:02', NULL, '2022-02-18 09:29:37', 0, '0'),
(4638, '2022-02-17 07:42:45', 'NJ/2022/02/0158', 9, 9, 38, NULL, 67, NULL, NULL, '', 0, 0, 0, 0, 160, 0, 0, 0, 0, 0, 0, 0, 0, 0, 0, '2022-02-17 15:42:45', '2022-02-17 21:28:58', '2022-02-17 01:04:02', NULL, '2022-02-18 09:29:54', 0, '0'),
(4639, '2022-02-17 07:58:32', 'NJ/2022/02/0159', 17, 11, 33, NULL, 83, NULL, NULL, '', 100, 0, 0, 0, 250, 0, 0, 0, 0, 0, 0, 0, 0, 0, 0, '2022-02-17 15:58:32', '2022-02-18 03:20:36', '2022-02-18 04:15:02', NULL, '2022-02-18 09:30:05', 0, '0'),
(4640, '2022-02-17 08:10:25', 'NJ/2022/02/0160', 10, 37, 32, NULL, 75, 129, NULL, '', 0, 10, 0, 0, 150, 50, 3, 0, 3, 100, 0, 0, 0, 0, 0, '2022-02-17 16:10:25', '2022-02-18 02:20:58', '2022-02-18 07:44:02', NULL, '2022-02-18 09:30:22', 0, '0'),
(4641, '2022-02-17 08:30:58', 'NJ/2022/02/0161', 19, 23, NULL, NULL, 229, NULL, NULL, '', 600, 0, 0, 0, 0, 0, 0, 0, 0, 0, 0, 0, 0, 0, 0, '2022-02-17 16:30:58', '2022-02-17 19:38:23', '2022-02-17 19:35:02', NULL, '2022-02-18 09:30:40', 0, '0'),
(4642, '2022-02-17 12:00:17', 'NJ/2022/02/0162', 7, 12, NULL, NULL, 229, NULL, NULL, '', 610, 0, 0, 0, 400, 0, 0, 0, 0, 0, 0, 0, 0, 0, 0, '2022-02-17 20:00:17', '2022-02-17 21:40:17', '2022-02-17 22:21:02', NULL, '2022-02-18 09:30:52', 0, '0'),
(4643, '2022-02-18 03:01:35', 'NJ/2022/02/0163', 6, 23, NULL, NULL, 229, NULL, NULL, '', 0, 15, 0, 15, 773, 0, 0, 0, 0, 0, 0, 0, 0, 0, 0, '2022-02-18 11:01:35', '2022-02-18 12:41:35', '2022-02-18 14:00:49', NULL, '2022-03-07 10:09:05', 0, '0');
INSERT INTO `distribusi` (`id`, `tanggal`, `no_perjalanan`, `id_plat`, `driver`, `helper_1`, `helper_2`, `nama_pel_1`, `nama_pel_2`, `nama_pel_3`, `bongkar`, `cup1`, `a3301`, `a5001`, `a6001`, `refill1`, `cup2`, `a3302`, `a5002`, `a6002`, `refill2`, `cup3`, `a3303`, `a5003`, `a6003`, `refill3`, `jam_berangkat`, `estimasi_jam_datang`, `jam_datang`, `keterangan`, `tgl_validasi`, `validasi_oleh`, `status`) VALUES
(4644, '2022-02-18 03:31:32', 'NJ/2022/02/0164', 18, 32, 17, NULL, 132, NULL, NULL, '', 0, 5, 0, 5, 100, 0, 0, 0, 0, 0, 0, 0, 0, 0, 0, '2022-02-18 11:31:32', '2022-02-18 12:33:47', '2022-02-18 11:50:49', NULL, '2022-03-07 10:09:48', 0, '0'),
(4645, '2022-02-18 07:03:44', 'NJ/2022/02/0165', 12, 15, 16, NULL, 30, NULL, NULL, '', 0, 0, 0, 0, 200, 0, 0, 0, 0, 0, 0, 0, 0, 0, 0, '2022-02-18 15:03:44', '2022-02-19 00:04:44', '2022-02-19 02:31:49', NULL, '2022-03-07 10:10:18', 0, '0'),
(4646, '2022-02-18 07:22:10', 'NJ/2022/02/0166', 18, 9, 38, NULL, 60, NULL, NULL, '', 0, 0, 0, 0, 70, 0, 0, 0, 0, 0, 0, 0, 0, 0, 0, '2022-02-18 15:22:10', '2022-02-18 16:23:24', '2022-02-18 16:21:49', NULL, '2022-03-07 10:10:54', 0, '0'),
(4647, '2022-02-18 08:34:25', 'NJ/2022/02/0167', 10, 37, 17, NULL, 181, NULL, NULL, '', 130, 6, 0, 4, 210, 0, 0, 0, 0, 0, 0, 0, 0, 0, 0, '2022-02-18 16:34:25', '2022-02-19 12:41:12', '2022-02-19 20:10:37', 'membantu armada 8062 rusak sel roda bocor', '2022-03-07 15:46:39', 0, '0'),
(4648, '2022-02-18 08:42:59', 'NJ/2022/02/0168', 9, 9, 38, NULL, 149, NULL, NULL, '', 20, 5, 0, 5, 150, 0, 0, 0, 0, 0, 0, 0, 0, 0, 0, '2022-02-18 16:42:59', '2022-02-19 01:45:33', '2022-02-19 07:22:49', NULL, '2022-03-07 10:13:21', 0, '0'),
(4649, '2022-02-18 10:36:52', 'NJ/2022/02/0169', 17, 11, 32, NULL, 40, 66, NULL, '', 0, 0, 0, 0, 60, 0, 0, 0, 0, 254, 0, 0, 0, 0, 0, '2022-02-18 18:36:52', '2022-02-19 14:15:57', '2022-02-19 20:05:49', 'membantu armada 8062 kerusakan armada sel roda bocor', '2022-03-07 15:46:43', 0, '0'),
(4650, '2022-02-18 10:59:56', 'NJ/2022/02/0170', 1, 2, 20, NULL, 66, NULL, NULL, '', 600, 0, 0, 0, 0, 0, 0, 0, 0, 0, 0, 0, 0, 0, 0, '2022-02-18 18:59:56', '2022-02-19 13:48:57', '2022-02-19 20:10:37', 'sel roda bocor', '2022-03-07 15:46:48', 0, '0'),
(4651, '2022-02-18 08:07:49', 'NJ/2022/02/0171', 8, 12, NULL, NULL, 229, NULL, NULL, '', 0, 0, 0, 0, 300, 0, 0, 0, 0, 0, 0, 0, 0, 0, 0, '2022-02-18 16:07:49', '2022-02-18 19:23:34', '2022-02-18 20:19:49', NULL, '2022-03-07 10:11:40', 0, '0'),
(4652, '2022-02-19 03:24:30', 'NJ/2022/02/0172', 12, 15, 34, NULL, 48, 84, NULL, '', 0, 10, 0, 10, 50, 0, 10, 0, 20, 100, 0, 0, 0, 0, 0, '2022-02-19 11:24:30', '2022-02-19 13:59:15', '2022-02-19 13:25:49', NULL, '2022-03-07 10:31:29', 0, '0'),
(4653, '2022-02-19 03:53:11', 'NJ/2022/02/0173', 18, 16, 13, NULL, 16, NULL, NULL, '', 0, 0, 0, 0, 100, 0, 0, 0, 0, 0, 0, 0, 0, 0, 0, '2022-02-19 11:53:11', '2022-02-19 13:02:53', '2022-02-19 15:40:49', NULL, '2022-03-07 10:32:10', 0, '0'),
(4654, '2022-02-19 05:35:18', 'NJ/2022/02/0174', 7, 23, NULL, NULL, 229, NULL, NULL, '', 0, 5, 0, 30, 720, 0, 0, 0, 0, 0, 0, 0, 0, 0, 0, '2022-02-19 13:35:18', '2022-02-19 15:15:18', '2022-02-19 15:45:49', NULL, '2022-03-07 10:32:36', 0, '0'),
(4655, '2022-02-19 06:13:56', 'NJ/2022/02/0175', 18, 16, 13, NULL, 195, NULL, NULL, '', 8, 0, 0, 4, 85, 0, 0, 0, 0, 0, 0, 0, 0, 0, 0, '2022-02-19 14:13:56', '2022-02-19 15:39:34', '2022-02-19 15:40:49', NULL, '2022-03-07 10:33:09', 0, '0'),
(4656, '2022-02-19 06:27:53', 'NJ/2022/02/0176', 12, 15, 34, NULL, 8, NULL, NULL, '', 40, 5, 0, 1, 150, 0, 0, 0, 0, 0, 0, 0, 0, 0, 0, '2022-02-19 14:27:53', '2022-02-19 20:40:32', '2022-02-19 22:32:49', NULL, '2022-03-07 10:33:45', 0, '0'),
(4657, '2022-02-19 09:32:27', 'NJ/2022/02/0177', 4, 9, 38, NULL, 19, NULL, NULL, '', 0, 5, 0, 0, 97, 0, 0, 0, 0, 0, 0, 0, 0, 0, 0, '2022-02-19 17:32:27', '2022-02-19 19:01:32', '2022-02-19 19:10:49', NULL, '2022-03-07 10:34:48', 0, '0'),
(4658, '2022-02-21 02:36:14', 'NJ/2022/02/0178', 10, 15, 34, NULL, 23, NULL, NULL, '', 0, 4, 0, 4, 150, 0, 0, 0, 0, 0, 0, 0, 0, 0, 0, '2022-02-21 10:36:14', '2022-02-21 12:34:47', '2022-02-21 12:50:37', NULL, '2022-03-07 10:52:08', 0, '0'),
(4659, '2022-02-19 10:08:52', 'NJ/2022/02/0179', 19, 12, NULL, NULL, 229, NULL, NULL, '', 0, 120, 0, 0, 150, 0, 0, 0, 0, 0, 0, 0, 0, 0, 0, '2022-02-19 18:08:52', '2022-02-19 19:36:17', '2022-02-19 21:50:49', NULL, '2022-03-07 10:35:17', 0, '0'),
(4660, '2022-02-21 02:56:21', 'NJ/2022/02/0180', 9, 9, 38, NULL, 33, 85, NULL, '', 0, 0, 0, 0, 100, 0, 0, 0, 0, 102, 0, 0, 0, 0, 0, '2022-02-21 10:56:21', '2022-02-21 14:07:35', '2022-02-21 15:30:20', NULL, '2022-03-07 13:23:51', 0, '0'),
(4661, '2022-02-21 03:49:29', 'NJ/2022/02/0181', 18, 32, 32, NULL, 227, 45, NULL, '', 0, 0, 0, 0, 45, 0, 2, 0, 0, 51, 0, 0, 0, 0, 0, '2022-02-21 11:49:29', '2022-02-21 13:38:00', '2022-02-21 13:00:20', NULL, '2022-03-07 13:24:20', 0, '0'),
(4662, '2022-02-21 04:09:17', 'NJ/2022/02/0182', 6, 37, NULL, NULL, 229, NULL, NULL, '', 0, 20, 0, 20, 780, 0, 0, 0, 0, 0, 0, 0, 0, 0, 0, '2022-02-21 12:09:17', '2022-02-21 13:49:17', '2022-02-21 14:40:20', NULL, '2022-03-07 13:24:53', 0, '0'),
(4663, '2022-02-21 04:32:31', 'NJ/2022/02/0183', 17, 11, 16, NULL, 7, 21, NULL, '', 0, 10, 0, 10, 145, 0, 10, 0, 10, 145, 0, 0, 0, 0, 0, '2022-02-21 12:32:31', '2022-02-21 22:42:09', '2022-02-21 23:55:20', NULL, '2022-03-07 13:25:37', 0, '0'),
(4664, '2022-02-21 05:40:10', 'NJ/2022/02/0184', 8, 2, NULL, NULL, 229, NULL, NULL, '', 600, 0, 0, 0, 0, 0, 0, 0, 0, 0, 0, 0, 0, 0, 0, '2022-02-21 13:40:10', '2022-02-21 16:47:35', '2022-02-21 16:24:20', NULL, '2022-03-07 13:27:21', 0, '0'),
(4665, '2022-02-21 05:40:50', 'NJ/2022/02/0185', 4, 32, 33, NULL, 115, NULL, NULL, '', 0, 0, 0, 0, 100, 0, 0, 0, 0, 0, 0, 0, 0, 0, 0, '2022-02-21 13:40:50', '2022-02-21 14:58:19', '2022-02-21 14:40:20', NULL, '2022-03-07 13:28:04', 0, '0'),
(4666, '2022-02-21 05:58:23', 'NJ/2022/02/0186', 12, 15, 34, NULL, 41, NULL, NULL, '', 50, 0, 0, 0, 101, 0, 0, 0, 0, 0, 0, 0, 0, 0, 0, '2022-02-21 13:58:23', '2022-02-21 17:02:10', '2022-02-21 17:39:20', NULL, '2022-03-07 13:29:00', 0, '0'),
(4667, '2022-02-21 07:07:45', 'NJ/2022/02/0187', 10, 37, 33, NULL, 164, 37, NULL, '', 102, 12, 0, 6, 0, 50, 0, 0, 50, 150, 0, 0, 0, 0, 0, '2022-02-21 15:07:45', '2022-02-22 00:52:29', '2022-02-22 03:38:20', NULL, '2022-03-07 13:30:36', 0, '0'),
(4668, '2022-02-21 08:38:16', 'NJ/2022/02/0188', 9, 9, 38, NULL, 223, 75, NULL, '', 100, 5, 0, 0, 20, 0, 0, 0, 0, 80, 0, 0, 0, 0, 0, '2022-02-21 16:38:16', '2022-02-21 21:37:49', '2022-02-22 00:08:20', NULL, '2022-03-07 13:31:21', 0, '0'),
(4669, '2022-02-21 08:44:35', 'NJ/2022/02/0189', 7, 2, 32, 20, 221, 95, NULL, '', 301, 0, 0, 0, 0, 0, 0, 0, 0, 515, 0, 0, 0, 0, 0, '2022-02-21 16:44:35', '2022-02-22 13:10:43', '2022-02-22 13:40:38', NULL, '2022-03-07 13:34:21', 0, '0'),
(4670, '2022-02-21 09:42:50', 'NJ/2022/02/0190', 4, 12, 34, NULL, 128, NULL, NULL, '', 0, 0, 0, 0, 100, 0, 0, 0, 0, 0, 0, 0, 0, 0, 0, '2022-02-21 17:42:50', '2022-02-21 20:46:32', '2022-02-21 21:40:20', NULL, '2022-03-07 13:31:55', 0, '0'),
(4671, '2022-02-22 02:52:32', 'NJ/2022/02/0191', 12, 15, 16, NULL, 132, 60, 93, '', 0, 0, 0, 0, 38, 0, 0, 0, 0, 50, 0, 0, 0, 0, 85, '2022-02-22 10:52:32', '2022-02-22 14:39:54', '2022-02-22 14:04:20', NULL, '2022-03-07 13:32:41', 0, '0'),
(4672, '2022-02-22 03:14:19', 'NJ/2022/02/0192', 19, 23, NULL, NULL, 229, NULL, NULL, '', 0, 27, 0, 0, 180, 0, 0, 0, 0, 0, 0, 0, 0, 0, 0, '2022-02-22 11:14:19', '2022-02-22 12:41:44', '2022-02-22 16:04:20', NULL, '2022-03-07 13:33:12', 0, '0'),
(4673, '2022-02-22 04:16:43', 'NJ/2022/02/0193', 9, 9, 38, NULL, 65, 33, NULL, '', 0, 0, 0, 0, 90, 0, 0, 0, 0, 85, 0, 0, 0, 0, 0, '2022-02-22 12:16:43', '2022-02-22 14:55:32', '2022-02-22 16:31:20', NULL, '2022-03-07 13:33:35', 0, '0'),
(4674, '2022-02-22 06:23:01', 'NJ/2022/02/0194', 10, 37, 16, 32, 75, 7, 189, '', 0, 0, 0, 0, 70, 20, 8, 0, 2, 0, 0, 20, 0, 5, 150, '2022-02-22 14:23:01', '2022-02-23 00:24:06', '2022-02-23 06:05:38', NULL, '2022-03-07 13:35:00', 0, '0'),
(4675, '2022-02-22 14:00:27', 'NJ/2022/02/0195', 1, 2, 20, 16, 6, NULL, NULL, '', 103, 0, 0, 0, 217, 0, 0, 0, 0, 0, 0, 0, 0, 0, 0, '2022-02-22 22:00:27', '2022-02-23 12:08:45', '2022-02-23 12:58:38', NULL, '2022-03-07 13:36:50', 0, '0'),
(4676, '2022-02-21 06:20:37', 'NJ/2022/02/0196', 9, 20, 27, NULL, 227, 132, NULL, '', 5, 2, 0, 0, 0, 0, 0, 0, 7, 50, 0, 0, 0, 0, 0, '2022-02-21 14:20:37', '2022-02-21 15:26:57', '2022-02-21 16:10:20', NULL, '2022-03-07 13:29:40', 0, '0'),
(4677, '2022-02-22 09:38:06', 'NJ/2022/02/0197', 9, 9, 38, NULL, 84, NULL, NULL, '', 0, 0, 0, 0, 100, 0, 0, 0, 0, 0, 0, 0, 0, 0, 0, '2022-02-22 17:38:06', '2022-02-22 19:00:46', '2022-02-23 19:00:38', NULL, '2022-03-07 13:35:29', 0, '0'),
(4678, '2022-02-23 03:41:48', 'NJ/2022/02/0198', 4, 9, 38, NULL, 16, NULL, NULL, '', 0, 0, 0, 0, 100, 0, 0, 0, 0, 0, 0, 0, 0, 0, 0, '2022-02-23 11:41:48', '2022-02-23 12:51:30', '2022-02-23 13:15:38', NULL, '2022-03-07 13:40:53', 0, '0'),
(4679, '2022-02-23 03:59:36', 'NJ/2022/02/0199', 7, 23, NULL, NULL, 229, NULL, NULL, '', 0, 25, 0, 93, 685, 0, 0, 0, 0, 0, 0, 0, 0, 0, 0, '2022-02-23 11:59:36', '2022-02-23 13:39:36', '2022-02-23 15:28:38', NULL, '2022-03-07 13:38:54', 0, '0'),
(4680, '2022-02-23 04:07:41', 'NJ/2022/02/0200', 6, 37, NULL, NULL, 229, NULL, NULL, '', 0, 80, 0, 10, 760, 0, 0, 0, 0, 0, 0, 0, 0, 0, 0, '2022-02-23 12:07:41', '2022-02-23 13:47:41', '2022-02-23 16:48:38', NULL, '2022-03-07 13:39:07', 0, '0'),
(4681, '2022-02-23 05:51:16', 'NJ/2022/02/0201', 9, 9, 38, NULL, 229, NULL, NULL, '', 300, 0, 0, 0, 0, 0, 0, 0, 0, 0, 0, 0, 0, 0, 0, '2022-02-23 13:51:16', '2022-02-23 15:58:59', '2022-02-23 17:00:38', NULL, '2022-03-07 13:41:10', 0, '0'),
(4682, '2022-02-23 08:55:53', 'NJ/2022/02/0202', 1, 2, 32, 20, 123, NULL, NULL, '', 100, 0, 0, 20, 230, 0, 0, 0, 0, 0, 0, 0, 0, 0, 0, '2022-02-23 16:55:53', '2022-02-24 10:24:06', '2022-02-24 13:30:38', NULL, '2022-03-07 14:02:45', 0, '0'),
(4683, '2022-02-23 10:30:47', 'NJ/2022/02/0203', 17, 11, 33, NULL, 63, 159, NULL, '', 0, 0, 0, 0, 0, 0, 0, 0, 0, 244, 0, 0, 0, 0, 0, '2022-02-23 18:30:47', '2022-02-24 12:44:17', '2022-02-24 16:05:38', NULL, '2022-03-07 14:03:59', 0, '0'),
(4684, '2022-02-23 10:20:59', 'NJ/2022/02/0204', 9, 9, 38, NULL, 135, NULL, NULL, '', 0, 0, 0, 10, 160, 0, 0, 0, 0, 0, 0, 0, 0, 0, 0, '2022-02-23 18:20:59', '2022-02-24 00:04:53', '2022-02-24 02:20:38', NULL, '2022-03-07 13:41:42', 0, '0'),
(4685, '2022-02-23 09:52:18', 'NJ/2022/02/0205', 10, 37, 16, NULL, 120, NULL, NULL, '', 0, 0, 0, 0, 300, 0, 0, 0, 0, 0, 0, 0, 0, 0, 0, '2022-02-23 17:52:18', '2022-02-24 12:48:00', '2022-02-24 13:30:38', NULL, '2022-03-07 14:03:20', 0, '0'),
(4686, '2022-02-24 02:32:33', 'NJ/2022/02/0206', 12, 15, 17, NULL, 229, NULL, NULL, '', 0, 32, 0, 40, 50, 0, 0, 0, 0, 0, 0, 0, 0, 0, 0, '2022-02-24 10:32:33', '2022-02-24 12:22:32', '2022-02-24 18:10:38', NULL, '2022-03-07 14:04:28', 0, '0'),
(4687, '2022-02-24 02:51:58', 'NJ/2022/02/0207', 8, 23, NULL, NULL, 229, NULL, NULL, '', 0, 0, 0, 0, 0, 0, 0, 0, 0, 0, 0, 0, 0, 0, 0, '2022-02-24 10:51:58', '2022-02-24 12:19:23', '2022-02-24 13:20:38', NULL, '2022-03-07 14:04:56', 0, '0'),
(4688, '2022-02-24 06:31:52', 'NJ/2022/02/0208', 19, 37, NULL, NULL, 229, NULL, NULL, '', 0, 10, 0, 0, 300, 0, 0, 0, 0, 0, 0, 0, 0, 0, 0, '2022-02-24 14:31:52', '2022-02-24 15:59:17', '2022-02-24 17:09:17', NULL, '2022-03-07 14:09:31', 0, '0'),
(4689, '2022-02-24 06:43:03', 'NJ/2022/02/0209', 15, 20, 16, NULL, 195, NULL, NULL, '', 10, 17, 0, 2, 79, 0, 0, 0, 0, 0, 0, 0, 0, 0, 0, '2022-02-24 14:43:03', '2022-02-24 16:10:04', '2022-02-24 15:40:17', NULL, '2022-03-07 14:10:24', 0, '0'),
(4690, '2022-02-24 12:50:36', 'NJ/2022/02/0210', 1, 2, 20, 32, 83, NULL, NULL, '', 50, 0, 0, 0, 250, 0, 0, 0, 0, 0, 0, 0, 0, 0, 0, '2022-02-24 20:50:36', '2022-02-25 12:10:51', '2022-02-25 12:37:17', NULL, '2022-03-07 14:14:29', 0, '0'),
(4691, '2022-02-24 08:23:51', 'NJ/2022/02/0211', 7, 23, NULL, NULL, 229, NULL, NULL, '', 500, 5, 0, 5, 456, 0, 0, 0, 0, 0, 0, 0, 0, 0, 0, '2022-02-24 16:23:51', '2022-02-24 22:28:14', '2022-02-25 20:04:17', NULL, '2022-03-07 14:12:57', 0, '0'),
(4692, '2022-02-24 08:41:03', 'NJ/2022/02/0212', 15, 20, 16, NULL, 130, NULL, NULL, '', 0, 6, 0, 1, 70, 0, 0, 0, 0, 0, 0, 0, 0, 0, 0, '2022-02-24 16:41:03', '2022-02-24 19:38:07', '2022-02-24 19:55:17', NULL, '2022-03-07 14:10:50', 0, '0'),
(4693, '2022-02-24 10:59:41', 'NJ/2022/02/0213', 12, 15, 17, NULL, 4, 75, NULL, '', 10, 0, 0, 0, 0, 0, 10, 0, 0, 150, 0, 0, 0, 0, 0, '2022-02-24 18:59:41', '2022-02-25 00:05:04', '2022-02-25 06:00:17', NULL, '2022-03-07 14:12:14', 0, '0'),
(4694, '2022-02-25 01:11:25', 'NJ/2022/02/0214', 9, 9, 38, NULL, 84, 10, 18, '', 0, 20, 0, 0, 2, 0, 0, 0, 0, 100, 0, 0, 0, 3, 48, '2022-02-25 09:11:25', '2022-02-25 12:42:53', '2022-02-25 12:11:17', NULL, '2022-03-07 14:13:22', 0, '0'),
(4695, '2022-02-25 03:15:12', 'NJ/2022/02/0215', 12, 15, 17, NULL, 60, 208, 215, '', 0, 0, 0, 0, 50, 0, 0, 0, 0, 90, 0, 0, 0, 0, 50, '2022-02-25 11:15:12', '2022-02-25 15:12:42', '2022-02-25 15:01:17', NULL, '2022-03-07 14:13:58', 0, '0'),
(4696, '2022-02-25 04:08:12', 'NJ/2022/02/0216', 7, 23, NULL, NULL, 229, NULL, NULL, '', 100, 105, 0, 20, 701, 0, 0, 0, 0, 0, 0, 0, 0, 0, 0, '2022-02-25 12:08:12', '2022-02-25 13:48:12', '2022-02-25 15:27:17', NULL, '2022-03-07 14:15:16', 0, '0'),
(4697, '2022-02-25 05:20:11', 'NJ/2022/02/0217', 19, 12, NULL, NULL, 229, NULL, NULL, '', 600, 0, 0, 0, 0, 0, 0, 0, 0, 0, 0, 0, 0, 0, 0, '2022-02-25 13:20:11', '2022-02-25 14:47:36', '2022-02-25 19:17:17', NULL, '2022-03-07 14:15:48', 0, '0'),
(4698, '2022-02-25 06:56:48', 'NJ/2022/02/0218', 4, 37, 33, NULL, 19, NULL, NULL, '', 0, 5, 0, 0, 101, 0, 0, 0, 0, 0, 0, 0, 0, 0, 0, '2022-02-25 14:56:48', '2022-02-25 16:26:25', '2022-02-25 16:16:17', NULL, '2022-03-07 14:16:19', 0, '0'),
(4699, '2022-02-25 07:07:43', 'NJ/2022/02/0219', 9, 9, 38, NULL, 34, NULL, NULL, '', 0, 0, 0, 0, 180, 0, 0, 0, 0, 0, 0, 0, 0, 0, 0, '2022-02-25 15:07:43', '2022-02-25 17:42:41', '2022-02-25 16:35:17', NULL, '2022-03-07 14:17:06', 0, '0'),
(4700, '2022-02-25 07:49:21', 'NJ/2022/02/0220', 15, 17, 16, NULL, 103, 45, NULL, '', 0, 0, 0, 0, 50, 0, 2, 0, 0, 47, 0, 0, 0, 0, 0, '2022-02-25 15:49:21', '2022-02-25 17:35:42', '2022-02-25 15:46:17', NULL, '2022-03-07 14:17:39', 0, '0'),
(4701, '2022-02-25 08:31:25', 'NJ/2022/02/0221', 9, 15, 17, NULL, 191, NULL, NULL, '', 0, 6, 0, 0, 100, 0, 0, 0, 0, 0, 0, 0, 0, 0, 0, '2022-02-25 16:31:25', '2022-02-25 17:45:13', '2022-02-25 05:20:17', NULL, '2022-03-07 14:18:21', 0, '0'),
(4702, '2022-02-25 09:39:12', 'NJ/2022/02/0222', 9, 9, 38, NULL, 21, NULL, NULL, '', 0, 20, 0, 20, 150, 0, 0, 0, 0, 0, 0, 0, 0, 0, 0, '2022-02-25 17:39:12', '2022-02-26 01:17:26', '2022-02-26 05:20:17', NULL, '2022-03-07 14:19:43', 0, '0'),
(4703, '2022-02-25 10:10:42', 'NJ/2022/02/0223', 1, 2, 20, 32, 147, NULL, NULL, '', 48, 10, 0, 0, 250, 0, 0, 0, 0, 0, 0, 0, 0, 0, 0, '2022-02-25 18:10:42', '2022-02-26 12:03:50', '2022-02-26 16:00:17', NULL, '2022-03-07 14:24:47', 0, '0'),
(4704, '2022-02-25 10:45:04', 'NJ/2022/02/0224', 10, 37, 33, NULL, 66, NULL, NULL, '', 2, 40, 0, 20, 246, 0, 0, 0, 0, 0, 0, 0, 0, 0, 0, '2022-02-25 18:45:04', '2022-02-26 13:34:30', '2022-02-26 16:01:17', NULL, '2022-03-07 14:25:12', 0, '0'),
(4705, '2022-02-25 10:30:19', 'NJ/2022/02/0225', 12, 15, 17, NULL, 129, NULL, NULL, '', 50, 7, 0, 7, 100, 0, 0, 0, 0, 0, 0, 0, 0, 0, 0, '2022-02-25 18:30:19', '2022-02-26 02:01:55', '2022-02-26 09:44:17', NULL, '2022-03-07 14:20:13', 0, '0'),
(4706, '2022-02-25 11:00:32', 'NJ/2022/02/0226', 15, 12, 13, NULL, 219, 130, NULL, '', 0, 5, 0, 0, 50, 0, 0, 0, 0, 30, 0, 0, 0, 0, 0, '2022-02-25 19:00:32', '2022-02-25 22:32:26', '2022-02-25 00:34:17', NULL, '2022-03-07 14:21:18', 0, '0'),
(4707, '2022-02-25 10:59:01', 'NJ/2022/02/0227', 17, 11, 16, NULL, 40, NULL, NULL, '', 25, 20, 0, 0, 300, 0, 0, 0, 0, 0, 0, 0, 0, 0, 0, '2022-02-25 18:59:01', '2022-02-26 14:08:52', '2022-02-26 16:06:17', NULL, '2022-03-07 14:25:48', 0, '0'),
(4708, '2022-02-26 02:52:50', 'NJ/2022/02/0228', 6, 23, NULL, NULL, 229, NULL, NULL, '', 0, 6, 0, 26, 820, 0, 0, 0, 0, 0, 0, 0, 0, 0, 0, '2022-02-26 10:52:50', '2022-02-26 12:32:50', '2022-02-25 13:14:17', NULL, '2022-03-07 14:22:59', 0, '0'),
(4709, '2022-02-26 03:33:38', 'NJ/2022/02/0229', 9, 9, 38, NULL, 76, NULL, NULL, '', 0, 0, 0, 0, 200, 0, 0, 0, 0, 0, 0, 0, 0, 0, 0, '2022-02-26 11:33:38', '2022-02-26 17:48:49', '2022-02-26 21:16:17', NULL, '2022-03-07 14:23:52', 0, '0'),
(4710, '2022-02-26 06:53:48', 'NJ/2022/02/0230', 15, 12, 13, NULL, 62, 84, NULL, '', 5, 0, 0, 0, 0, 0, 0, 0, 20, 70, 0, 0, 0, 0, 0, '2022-02-26 14:53:48', '2022-02-26 16:38:08', '2022-02-26 16:56:17', NULL, '2022-03-07 14:26:52', 0, '0'),
(4711, '2022-02-26 07:09:47', 'NJ/2022/02/0231', 4, 17, 13, NULL, 60, NULL, NULL, '', 0, 0, 0, 0, 70, 0, 0, 0, 0, 0, 0, 0, 0, 0, 0, '2022-02-26 15:09:47', '2022-02-26 16:11:01', '2022-02-26 20:15:17', NULL, '2022-03-07 14:27:17', 0, '0'),
(4712, '2022-02-26 09:18:51', 'NJ/2022/02/0232', 8, 23, NULL, NULL, 229, NULL, NULL, '', 500, 100, 0, 0, 0, 0, 0, 0, 0, 0, 0, 0, 0, 0, 0, '2022-02-26 17:18:51', '2022-02-26 20:26:16', '2022-02-26 20:15:17', NULL, '2022-03-07 14:27:38', 0, '0'),
(4713, '2022-02-26 09:21:25', 'NJ/2022/02/0233', 9, 12, 17, NULL, 198, 93, NULL, '', 0, 0, 0, 0, 100, 0, 0, 0, 0, 100, 0, 0, 0, 0, 0, '2022-02-26 17:21:25', '2022-02-26 20:23:47', '2022-02-26 21:20:17', NULL, '2022-03-07 14:28:04', 0, '0'),
(4714, '2022-02-26 22:00:27', 'NJ/2022/02/0234', 7, 37, 17, 13, 224, 30, NULL, '', 100, 3, 0, 2, 0, 500, 0, 0, 0, 300, 0, 0, 0, 0, 0, '2022-02-27 06:00:27', '2022-02-27 19:16:44', '2022-02-28 10:47:17', NULL, '2022-03-07 14:28:32', 0, '0'),
(4715, '2022-03-01 02:13:22', 'NJ/2022/03/0001', 4, 32, 16, NULL, 16, NULL, NULL, '', 0, 0, 0, 0, 100, 0, 0, 0, 0, 0, 0, 0, 0, 0, 0, '2022-03-01 10:13:22', '2022-03-01 11:23:04', '2022-03-01 10:45:17', NULL, '2022-03-07 14:37:07', 0, '0'),
(4716, '2022-03-01 02:14:14', 'NJ/2022/03/0002', 9, 9, 38, NULL, 60, 33, 198, '', 0, 0, 0, 0, 50, 0, 0, 0, 0, 100, 0, 0, 0, 0, 20, '2022-03-01 10:14:14', '2022-03-01 13:40:10', '2022-03-01 12:50:17', NULL, '2022-03-07 14:38:06', 0, '0'),
(4717, '2022-03-01 02:29:35', 'NJ/2022/03/0003', 12, 15, 33, NULL, 217, 84, NULL, '', 0, 0, 0, 0, 50, 0, 0, 0, 0, 130, 0, 0, 0, 0, 0, '2022-03-01 10:29:35', '2022-03-01 13:05:35', '2022-03-01 12:25:17', NULL, '2022-03-07 14:38:43', 0, '0'),
(4718, '2022-03-01 02:58:40', 'NJ/2022/03/0004', 17, 11, NULL, NULL, 229, NULL, NULL, '', 0, 0, 0, 0, 300, 0, 0, 0, 0, 0, 0, 0, 0, 0, 0, '2022-03-01 10:58:40', '2022-03-01 12:26:05', '2022-03-01 14:29:17', NULL, '2022-03-07 14:39:28', 0, '0'),
(4719, '2022-03-01 05:56:33', 'NJ/2022/03/0005', 7, 2, NULL, NULL, 229, NULL, NULL, '', 0, 18, 0, 35, 705, 0, 0, 0, 0, 0, 0, 0, 0, 0, 0, '2022-03-01 13:56:33', '2022-03-01 15:36:33', '2022-03-01 16:21:17', NULL, '2022-03-07 14:39:53', 0, '0'),
(4720, '2022-03-01 05:59:09', 'NJ/2022/03/0006', 9, 9, 38, NULL, 187, 130, NULL, '', 50, 0, 0, 0, 100, 0, 0, 0, 0, 30, 0, 0, 0, 0, 0, '2022-03-01 13:59:09', '2022-03-01 18:09:23', '2022-03-01 17:55:17', NULL, '2022-03-07 14:40:24', 0, '0'),
(4721, '2022-03-01 06:03:44', 'NJ/2022/03/0007', 12, 15, 17, NULL, 41, 128, NULL, '', 0, 10, 0, 0, 0, 0, 10, 0, 30, 100, 0, 0, 0, 0, 0, '2022-03-01 14:03:44', '2022-03-01 17:52:26', '2022-03-01 17:20:17', NULL, '2022-03-07 14:40:45', 0, '0'),
(4722, '2022-03-01 06:57:44', 'NJ/2022/03/0008', 15, 20, 16, NULL, 31, NULL, NULL, '', 0, 0, 0, 0, 100, 0, 0, 0, 0, 0, 0, 0, 0, 0, 0, '2022-03-01 14:57:44', '2022-03-01 16:28:10', '2022-03-01 16:20:17', NULL, '2022-03-07 14:41:09', 0, '0'),
(4723, '2022-03-01 08:10:29', 'NJ/2022/03/0009', 4, 32, 17, NULL, 41, NULL, NULL, '', 0, 0, 0, 0, 100, 0, 0, 0, 0, 0, 0, 0, 0, 0, 0, '2022-03-01 16:10:29', '2022-03-01 19:01:14', '2022-03-01 19:26:17', NULL, '2022-03-07 14:41:30', 0, '0'),
(4724, '2022-03-01 08:52:20', 'NJ/2022/03/0010', 1, 2, 20, NULL, 6, NULL, NULL, '', 100, 0, 0, 0, 222, 0, 0, 0, 0, 0, 0, 0, 0, 0, 0, '2022-03-01 16:52:20', '2022-03-02 02:49:49', '2022-03-02 06:55:17', NULL, '2022-03-07 14:42:02', 0, '0'),
(4725, '2022-03-01 09:06:37', 'NJ/2022/03/0011', 19, 23, NULL, NULL, 229, NULL, NULL, '', 630, 0, 0, 0, 0, 0, 0, 0, 0, 0, 0, 0, 0, 0, 0, '2022-03-01 17:06:37', '2022-03-01 20:19:02', '2022-03-01 20:20:17', NULL, '2022-03-07 14:42:36', 0, '0'),
(4726, '2022-03-01 09:08:43', 'NJ/2022/03/0012', 17, 11, 33, NULL, 75, 76, 8, '', 0, 0, 0, 0, 150, 0, 0, 0, 0, 30, 20, 5, 0, 5, 137, '2022-03-01 17:08:43', '2022-03-02 07:38:03', '2022-03-02 17:06:17', NULL, '2022-03-07 14:43:16', 0, '0'),
(4727, '2022-03-01 10:02:30', 'NJ/2022/03/0013', 12, 15, 16, NULL, 222, NULL, NULL, '', 150, 23, 0, 10, 30, 0, 0, 0, 0, 0, 0, 0, 0, 0, 0, '2022-03-01 18:02:30', '2022-03-02 00:21:25', '2022-03-02 00:48:48', NULL, '2022-03-07 14:43:49', 0, '0'),
(4728, '2022-03-01 10:43:32', 'NJ/2022/03/0014', 9, 9, 38, NULL, 135, NULL, NULL, '', 0, 0, 0, 15, 170, 0, 0, 0, 0, 0, 0, 0, 0, 0, 0, '2022-03-01 18:43:32', '2022-03-02 00:39:56', '2022-03-02 03:48:48', NULL, '2022-03-07 14:44:26', 0, '0'),
(4729, '2022-03-01 11:00:41', 'NJ/2022/03/0015', 10, 12, NULL, NULL, 229, NULL, NULL, '', 0, 0, 0, 0, 300, 0, 0, 0, 0, 0, 0, 0, 0, 0, 0, '2022-03-01 19:00:41', '2022-03-01 22:16:26', '2022-03-01 23:20:48', NULL, '2022-03-07 14:45:18', 0, '0'),
(4730, '2022-03-02 03:06:55', 'NJ/2022/03/0016', 4, 32, 33, NULL, 62, 33, NULL, '', 0, 5, 0, 5, 50, 0, 20, 0, 40, 0, 0, 0, 0, 0, 0, '2022-03-02 11:06:55', '2022-03-02 12:51:09', '2022-03-02 12:50:48', NULL, '2022-03-07 14:46:12', 0, '0'),
(4731, '2022-03-02 03:13:52', 'NJ/2022/03/0017', 12, 15, 32, NULL, 34, NULL, NULL, '', 0, 0, 0, 0, 180, 0, 0, 0, 0, 0, 0, 0, 0, 0, 0, '2022-03-02 11:13:52', '2022-03-02 13:48:50', '2022-03-02 12:25:48', NULL, '2022-03-07 14:46:37', 0, '0'),
(4732, '2022-03-02 09:00:23', 'NJ/2022/03/0018', 6, 37, 17, 13, 105, 181, NULL, '', 50, 15, 0, 5, 300, 40, 6, 0, 4, 40, 0, 0, 0, 0, 0, '2022-03-02 17:00:23', '2022-03-03 16:57:49', '2022-03-05 12:30:01', 'kerusaklan armada master kopling', '2022-03-08 08:23:54', 0, '0'),
(4733, '2022-03-02 06:01:41', 'NJ/2022/03/0019', 9, 9, 38, NULL, 212, 84, NULL, '', 0, 0, 0, 0, 71, 0, 0, 0, 0, 101, 0, 0, 0, 0, 0, '2022-03-02 14:01:41', '2022-03-02 16:33:20', '2022-03-02 16:25:48', NULL, '2022-03-07 14:47:27', 0, '0'),
(4734, '2022-03-02 06:31:38', 'NJ/2022/03/0020', 12, 15, 32, NULL, 23, NULL, NULL, '', 0, 4, 0, 0, 150, 0, 0, 0, 0, 0, 0, 0, 0, 0, 0, '2022-03-02 14:31:38', '2022-03-02 16:24:58', '2022-03-02 16:11:48', NULL, '2022-03-07 14:48:04', 0, '0'),
(4735, '2022-03-02 06:50:50', 'NJ/2022/03/0021', 17, 11, 33, NULL, 83, NULL, NULL, '', 50, 10, 0, 0, 250, 0, 0, 0, 0, 0, 0, 0, 0, 0, 0, '2022-03-02 14:50:50', '2022-03-03 02:02:54', '2022-03-03 06:46:48', NULL, '2022-03-07 14:49:47', 0, '0'),
(4736, '2022-03-02 08:29:33', 'NJ/2022/03/0022', 4, 26, 13, NULL, 93, NULL, NULL, '', 0, 0, 0, 0, 96, 0, 0, 0, 0, 0, 0, 0, 0, 0, 0, '2022-03-02 16:29:33', '2022-03-02 18:07:45', '2022-03-02 18:33:48', NULL, '2022-03-07 14:51:17', 0, '0'),
(4737, '2022-03-02 08:34:43', 'NJ/2022/03/0023', 7, 2, 20, NULL, 182, NULL, NULL, '', 950, 0, 0, 0, 131, 0, 0, 0, 0, 0, 0, 0, 0, 0, 0, '2022-03-02 16:34:43', '2022-03-03 20:36:30', '2022-03-03 13:31:48', NULL, '2022-03-07 14:57:21', 0, '0'),
(4738, '2022-03-02 08:55:33', 'NJ/2022/03/0024', 12, 15, 32, NULL, 7, NULL, NULL, '', 0, 14, 0, 0, 151, 0, 0, 0, 0, 0, 0, 0, 0, 0, 0, '2022-03-02 16:55:33', '2022-03-02 23:11:00', '2022-03-03 04:01:48', NULL, '2022-03-07 14:51:46', 0, '0'),
(4739, '2022-03-02 09:01:53', 'NJ/2022/03/0025', 8, 23, NULL, NULL, 229, NULL, NULL, '', 0, 4, 0, 0, 280, 0, 0, 0, 0, 0, 0, 0, 0, 0, 0, '2022-03-02 17:01:53', '2022-03-02 20:12:53', '2022-03-02 20:35:48', NULL, '2022-03-07 14:52:52', 0, '0'),
(4740, '2022-03-02 10:19:33', 'NJ/2022/03/0026', 15, 9, 38, NULL, 19, NULL, NULL, '', 0, 0, 0, 0, 100, 0, 0, 0, 0, 0, 0, 0, 0, 0, 0, '2022-03-02 18:19:33', '2022-03-02 19:47:23', '2022-03-02 20:28:48', NULL, '2022-03-07 14:53:24', 0, '0'),
(4741, '2022-03-02 13:00:49', 'NJ/2022/03/0027', 9, 9, 38, NULL, 211, NULL, NULL, '', 20, 5, 0, 0, 150, 0, 0, 0, 0, 0, 0, 0, 0, 0, 0, '2022-03-02 21:00:49', '2022-03-03 07:42:13', '2022-03-03 04:46:48', NULL, '2022-03-07 14:53:51', 0, '0'),
(4742, '2022-03-02 10:35:09', 'NJ/2022/03/0028', 1, 12, 16, NULL, 95, NULL, NULL, '', 0, 0, 0, 0, 315, 0, 0, 0, 0, 0, 0, 0, 0, 0, 0, '2022-03-02 18:35:09', '2022-03-03 12:02:47', NULL, NULL, NULL, 0, '0'),
(4743, '2022-03-04 02:08:45', 'NJ/2022/03/0029', 4, 15, 33, NULL, 16, NULL, NULL, '', 0, 0, 0, 0, 100, 0, 0, 0, 0, 0, 0, 0, 0, 0, 0, '2022-03-04 10:08:45', '2022-03-04 11:18:27', '2022-03-03 11:15:48', NULL, '2022-03-07 14:55:36', 0, '0'),
(4744, '2022-03-04 02:32:30', 'NJ/2022/03/0030', 9, 9, 38, NULL, 212, 35, NULL, '', 0, 0, 0, 0, 71, 0, 0, 0, 0, 99, 0, 0, 0, 0, 0, '2022-03-04 10:32:30', '2022-03-04 13:18:36', '2022-03-03 12:56:48', NULL, '2022-03-07 14:55:58', 0, '0'),
(4745, '2022-03-04 03:31:29', 'NJ/2022/03/0031', 10, 11, NULL, NULL, 229, NULL, NULL, '', 650, 0, 0, 0, 0, 0, 0, 0, 0, 0, 0, 0, 0, 0, 0, '2022-03-04 11:31:29', '2022-03-04 12:58:54', '2022-03-03 11:10:48', NULL, '2022-03-07 14:56:32', 0, '0'),
(4746, '2022-03-04 03:57:17', 'NJ/2022/03/0032', 4, 15, 33, NULL, 115, NULL, NULL, '', 0, 0, 0, 0, 101, 0, 0, 0, 0, 0, 0, 0, 0, 0, 0, '2022-03-04 11:57:17', '2022-03-04 13:15:18', '2022-03-03 15:40:48', NULL, '2022-03-07 14:56:59', 0, '0'),
(4747, '2022-03-04 06:27:05', 'NJ/2022/03/0033', 1, 2, NULL, NULL, 229, NULL, NULL, '', 0, 10, 0, 0, 304, 0, 0, 0, 0, 0, 0, 0, 0, 0, 0, '2022-03-04 14:27:05', '2022-03-04 15:54:30', '2022-03-04 18:48:48', NULL, '2022-03-07 14:57:47', 0, '0'),
(4748, '2022-03-04 06:57:06', 'NJ/2022/03/0034', 15, 9, 38, NULL, 60, 18, NULL, '', 0, 0, 0, 0, 40, 0, 3, 0, 0, 50, 0, 0, 0, 0, 0, '2022-03-04 14:57:06', '2022-03-04 17:06:21', '2022-03-04 16:42:48', NULL, '2022-03-07 14:58:08', 0, '0'),
(4749, '2022-03-04 07:43:17', 'NJ/2022/03/0035', 17, 11, 16, NULL, 21, 82, NULL, '', 50, 10, 0, 10, 150, 0, 10, 0, 10, 100, 0, 0, 0, 0, 0, '2022-03-04 15:43:17', '2022-03-05 02:53:42', '2022-03-05 04:44:48', NULL, '2022-03-07 14:58:34', 0, '0'),
(4750, '2022-03-04 08:43:06', 'NJ/2022/03/0036', 12, 15, 33, NULL, 75, NULL, NULL, '', 0, 20, 0, 0, 150, 0, 0, 0, 0, 0, 0, 0, 0, 0, 0, '2022-03-04 16:43:06', '2022-03-04 21:18:29', '2022-03-04 23:45:48', NULL, '2022-03-07 14:59:20', 0, '0'),
(4751, '2022-03-04 10:27:41', 'NJ/2022/03/0037', 9, 9, 38, NULL, 67, 135, NULL, '', 0, 0, 0, 5, 10, 0, 0, 0, 5, 140, 0, 0, 0, 0, 0, '2022-03-04 18:27:41', '2022-03-05 00:41:35', '2022-03-05 04:07:04', NULL, '2022-03-07 15:15:41', 0, '0'),
(4752, '2022-03-04 11:29:02', 'NJ/2022/03/0038', 7, 2, NULL, NULL, 229, NULL, NULL, '', 0, 16, 0, 0, 801, 0, 0, 0, 0, 0, 0, 0, 0, 0, 0, '2022-03-04 19:29:02', '2022-03-04 21:09:02', '2022-03-05 11:04:04', NULL, '2022-03-07 15:16:21', 0, '0'),
(4753, '2022-03-04 08:12:51', 'NJ/2022/03/0039', 9, 20, 27, NULL, 212, NULL, NULL, '', 50, 0, 0, 25, 71, 0, 0, 0, 0, 0, 0, 0, 0, 0, 0, '2022-03-04 16:12:51', '2022-03-04 17:38:02', '2022-03-04 17:30:48', NULL, '2022-03-07 14:58:58', 0, '0'),
(4754, '2022-03-05 02:46:19', 'NJ/2022/03/0040', 4, 32, 27, NULL, 195, NULL, NULL, '', 0, 0, 0, 0, 100, 0, 0, 0, 0, 0, 0, 0, 0, 0, 0, '2022-03-05 10:46:19', '2022-03-05 12:16:45', '2022-03-05 12:07:04', NULL, '2022-03-07 15:17:06', 0, '0'),
(4755, '2022-03-05 03:21:58', 'NJ/2022/03/0041', 12, 15, 16, NULL, 60, 208, 179, '', 0, 0, 0, 0, 60, 0, 0, 0, 0, 29, 0, 0, 0, 0, 101, '2022-03-05 11:21:58', '2022-03-05 15:17:57', '2022-03-05 14:24:04', NULL, '2022-03-07 15:17:26', 0, '0'),
(4756, '2022-03-05 03:41:37', 'NJ/2022/03/0042', 19, 23, 2, NULL, 229, NULL, NULL, '', 600, 0, 0, 0, 0, 0, 0, 0, 0, 0, 0, 0, 0, 0, 0, '2022-03-05 11:41:37', '2022-03-05 13:09:02', '2022-03-05 14:18:04', NULL, '2022-03-07 15:20:40', 0, '0'),
(4757, '2022-03-05 06:17:15', 'NJ/2022/03/0043', 17, 11, NULL, NULL, 229, NULL, NULL, '', 0, 24, 0, 10, 280, 0, 0, 0, 0, 0, 0, 0, 0, 0, 0, '2022-03-05 14:17:15', '2022-03-05 15:44:40', '2022-03-05 17:25:04', NULL, '2022-03-07 15:21:29', 0, '0'),
(4758, '2022-03-05 06:47:11', 'NJ/2022/03/0044', 1, 2, 32, NULL, 30, NULL, NULL, '', 210, 0, 0, 0, 221, 0, 0, 0, 0, 0, 0, 0, 0, 0, 0, '2022-03-05 14:47:11', '2022-03-06 01:46:04', '2022-03-05 04:50:04', NULL, '2022-03-07 15:21:59', 0, '0'),
(4759, '2022-03-05 07:13:52', 'NJ/2022/03/0045', 9, 9, 38, NULL, 158, NULL, NULL, '', 0, 0, 0, 0, 200, 0, 0, 0, 0, 0, 0, 0, 0, 0, 0, '2022-03-05 15:13:52', '2022-03-05 17:28:06', '2022-03-05 17:16:04', NULL, '2022-03-07 15:22:26', 0, '0'),
(4760, '2022-03-05 08:00:03', 'NJ/2022/03/0046', 12, 15, 16, NULL, 41, NULL, NULL, '', 50, 0, 0, 0, 100, 0, 0, 0, 0, 0, 0, 0, 0, 0, 0, '2022-03-05 16:00:03', '2022-03-05 19:03:18', '2022-03-05 19:00:04', NULL, '2022-03-07 15:22:48', 0, '0'),
(4761, '2022-03-05 08:46:29', 'NJ/2022/03/0047', 7, 23, NULL, NULL, 229, NULL, NULL, '', 870, 0, 0, 0, 300, 0, 0, 0, 0, 0, 0, 0, 0, 0, 0, '2022-03-05 16:46:29', '2022-03-05 22:39:49', '2022-03-05 19:45:04', NULL, '2022-03-07 15:23:16', 0, '0'),
(4762, '2022-03-05 09:12:21', 'NJ/2022/03/0048', 8, 12, NULL, NULL, 229, NULL, NULL, '', 470, 50, 0, 78, 0, 0, 0, 0, 0, 0, 0, 0, 0, 0, 0, '2022-03-05 17:12:21', '2022-03-05 20:23:46', '2022-03-05 20:31:04', NULL, '2022-03-07 15:23:48', 0, '0'),
(4763, '2022-03-05 09:35:53', 'NJ/2022/03/0049', 4, 9, 38, NULL, 10, NULL, NULL, '', 0, 0, 0, 0, 91, 0, 0, 0, 0, 0, 0, 0, 0, 0, 0, '2022-03-05 17:35:53', '2022-03-05 19:14:37', '2022-03-05 19:42:04', NULL, '2022-03-07 15:24:03', 0, '0'),
(4764, '2022-03-07 02:43:08', 'NJ/2022/03/0050', 4, 20, 13, NULL, 93, NULL, NULL, '', 0, 0, 0, 0, 93, 0, 0, 0, 0, 0, 0, 0, 0, 0, 0, '2022-03-07 10:43:08', '2022-03-07 12:21:20', '2022-03-07 12:35:52', NULL, '2022-03-08 09:53:41', 0, '0'),
(4765, '2022-03-07 03:35:32', 'NJ/2022/03/0051', 12, 15, 32, NULL, 60, 229, NULL, '', 0, 0, 0, 0, 50, 0, 0, 0, 0, 150, 0, 0, 0, 0, 0, '2022-03-07 11:35:32', '2022-03-07 15:11:35', '2022-03-07 15:08:52', NULL, '2022-03-08 09:54:27', 0, '0'),
(4766, '2022-03-07 03:49:28', 'NJ/2022/03/0052', 15, 32, 15, NULL, 229, NULL, NULL, '', 0, 30, 0, 50, 27, 0, 0, 0, 0, 0, 0, 0, 0, 0, 0, '2022-03-07 11:49:28', '2022-03-07 13:33:02', '2022-03-07 15:08:52', NULL, '2022-03-08 09:54:40', 0, '0'),
(4767, '2022-03-07 04:04:40', 'NJ/2022/03/0053', 1, 2, NULL, NULL, 229, NULL, NULL, '', 0, 10, 0, 0, 300, 0, 0, 0, 0, 0, 0, 0, 0, 0, 0, '2022-03-07 12:04:40', '2022-03-07 13:32:05', '2022-03-07 14:39:52', NULL, '2022-03-08 09:55:07', 0, '0'),
(4768, '2022-03-07 04:16:42', 'NJ/2022/03/0054', 19, 37, NULL, NULL, 229, NULL, NULL, '', 616, 0, 0, 0, 0, 0, 0, 0, 0, 0, 0, 0, 0, 0, 0, '2022-03-07 12:16:42', '2022-03-07 13:44:07', '2022-03-07 17:06:06', NULL, '2022-03-08 09:55:49', 0, '0'),
(4769, '2022-03-07 05:45:28', 'NJ/2022/03/0055', 4, 20, 13, NULL, 19, NULL, NULL, '', 0, 0, 0, 0, 99, 0, 0, 0, 0, 0, 0, 0, 0, 0, 0, '2022-03-07 13:45:28', '2022-03-07 15:13:18', '2022-03-07 15:47:06', NULL, '2022-03-08 09:56:14', 0, '0'),
(4770, '2022-03-07 06:05:30', 'NJ/2022/03/0056', 9, 9, 38, NULL, 4, 4, 84, '', 0, 10, 0, 0, 0, 10, 10, 0, 0, 5, 0, 0, 0, 0, 100, '2022-03-07 14:05:30', '2022-03-07 16:54:59', '2022-03-07 16:37:06', NULL, '2022-03-08 09:56:25', 0, '0'),
(4771, '2022-03-07 07:20:07', 'NJ/2022/03/0057', 17, 11, 17, NULL, 129, 79, NULL, '', 10, 5, 0, 5, 100, 0, 0, 0, 0, 200, 0, 0, 0, 0, 0, '2022-03-07 15:20:07', '2022-03-08 04:35:27', '2022-03-08 07:35:06', 'terkendala bongkar hujan lebat', '2022-03-10 14:04:23', 0, '0'),
(4772, '2022-03-07 07:53:03', 'NJ/2022/03/0058', 7, 2, 16, 20, 6, 221, 30, '', 100, 0, 0, 0, 191, 151, 0, 0, 0, 150, 0, 0, 0, 0, 449, '2022-03-07 15:53:03', '2022-03-08 12:55:04', '2022-03-08 20:38:38', 'bongkar pagi', '2022-03-10 14:04:30', 0, '0'),
(4773, '2022-03-07 08:04:28', 'NJ/2022/03/0059', 12, 15, 32, NULL, 223, 112, NULL, '', 100, 0, 0, 30, 20, 0, 0, 0, 50, 0, 0, 0, 0, 0, 0, '2022-03-07 16:04:28', '2022-03-07 21:27:33', '2022-03-08 23:34:06', NULL, '2022-03-08 09:58:25', 0, '0'),
(4774, '2022-03-07 09:31:22', 'NJ/2022/03/0060', 9, 9, 38, NULL, 190, NULL, NULL, '', 20, 0, 0, 10, 180, 0, 0, 0, 0, 0, 0, 0, 0, 0, 0, '2022-03-07 17:31:22', '2022-03-08 01:09:33', '2022-03-08 12:40:37', 'bongkar pagi', '2022-03-10 14:04:34', 0, '0'),
(4775, '2022-03-07 09:50:12', 'NJ/2022/03/0061', 6, 37, NULL, NULL, 229, NULL, NULL, '', 0, 5, 0, 20, 805, 0, 0, 0, 0, 0, 0, 0, 0, 0, 0, '2022-03-07 17:50:12', '2022-03-07 19:30:12', '2022-03-07 20:55:06', NULL, '2022-03-08 10:00:11', 0, '0'),
(4776, '2022-03-08 02:07:27', 'NJ/2022/03/0062', 12, 32, 33, NULL, 128, NULL, NULL, '', 0, 0, 0, 0, 100, 0, 0, 0, 0, 0, 0, 0, 0, 0, 0, '2022-03-08 10:07:27', '2022-03-08 13:11:09', '2022-03-08 13:55:37', NULL, '2022-03-09 10:34:15', 0, '0'),
(4777, '2022-03-08 02:50:17', 'NJ/2022/03/0063', 12, 15, 13, NULL, 217, 33, NULL, '', 0, 0, 0, 0, 50, 0, 0, 0, 0, 130, 0, 0, 0, 0, 0, '2022-03-08 10:50:17', '2022-03-08 13:34:31', '2022-03-08 12:25:37', NULL, '2022-03-09 10:35:36', 0, '0'),
(4778, '2022-03-08 02:58:27', 'NJ/2022/03/0064', 8, 37, NULL, NULL, 229, NULL, NULL, '', 0, 0, 0, 5, 300, 0, 0, 0, 0, 0, 0, 0, 0, 0, 0, '2022-03-08 10:58:27', '2022-03-08 12:25:52', '2022-03-08 13:27:37', NULL, '2022-03-09 10:35:55', 0, '0'),
(4779, '2022-03-08 06:19:21', 'NJ/2022/03/0065', 10, 37, 33, NULL, 69, NULL, NULL, '', 50, 2, 0, 0, 250, 0, 0, 0, 0, 0, 0, 0, 0, 0, 0, '2022-03-08 14:19:21', '2022-03-09 01:03:11', '2022-03-09 04:24:37', NULL, '2022-03-09 10:36:31', 0, '0'),
(4780, '2022-03-08 06:29:30', 'NJ/2022/03/0066', 12, 15, 13, NULL, 8, NULL, NULL, '', 30, 5, 0, 2, 150, 0, 0, 0, 0, 0, 0, 0, 0, 0, 0, '2022-03-08 14:29:30', '2022-03-08 20:39:59', '2022-03-08 23:21:37', NULL, '2022-03-09 10:44:48', 0, '0'),
(4781, '2022-03-08 06:35:22', 'NJ/2022/03/0067', 17, 11, 17, NULL, 112, 37, NULL, '', 150, 0, 0, 0, 0, 50, 50, 0, 25, 126, 0, 0, 0, 0, 0, '2022-03-08 14:35:22', '2022-03-09 00:18:16', '2022-03-09 02:32:38', NULL, '2022-03-09 10:45:31', 0, '0'),
(4782, '2022-03-08 09:02:39', 'NJ/2022/03/0068', 9, 32, 13, NULL, 75, NULL, NULL, '', 0, 0, 0, 0, 182, 0, 0, 0, 0, 0, 0, 0, 0, 0, 0, '2022-03-08 17:02:39', '2022-03-08 21:50:22', '2022-03-09 00:03:38', NULL, '2022-03-09 10:45:50', 0, '0'),
(4783, '2022-03-08 09:07:06', 'NJ/2022/03/0069', 7, 23, NULL, NULL, 229, NULL, NULL, '', 0, 65, 0, 0, 715, 0, 0, 0, 0, 0, 0, 0, 0, 0, 0, '2022-03-08 17:07:06', '2022-03-08 23:37:47', '2022-03-08 20:35:38', NULL, '2022-03-09 10:46:22', 0, '0'),
(4784, '2022-03-08 10:59:05', 'NJ/2022/03/0070', 1, 2, 16, 20, 95, NULL, NULL, '', 0, 0, 0, 0, 320, 0, 0, 0, 0, 0, 0, 0, 0, 0, 0, '2022-03-08 18:59:05', '2022-03-09 11:31:39', NULL, NULL, NULL, 0, '0'),
(4785, '2022-03-09 02:53:00', 'NJ/2022/03/0071', 4, 32, 17, NULL, 45, NULL, NULL, '', 0, 0, 0, 0, 51, 0, 0, 0, 0, 0, 0, 0, 0, 0, 0, '2022-03-09 10:53:00', '2022-03-09 11:48:16', NULL, NULL, NULL, 0, '0'),
(4786, '2022-03-09 03:36:31', 'NJ/2022/03/0072', 8, 37, NULL, NULL, 229, NULL, NULL, '', 0, 60, 0, 0, 250, 0, 0, 0, 0, 0, 0, 0, 0, 0, 0, '2022-03-09 11:36:31', '2022-03-09 13:03:56', NULL, NULL, NULL, 0, '0'),
(4787, '2022-03-09 05:36:23', 'NJ/2022/03/0073', 9, 9, 38, NULL, 227, 198, NULL, '', 20, 0, 0, 0, 0, 0, 10, 0, 20, 100, 0, 0, 0, 0, 0, '2022-03-09 13:36:23', '2022-03-09 15:53:34', NULL, NULL, NULL, 0, '0'),
(4788, '2022-03-09 10:20:15', 'NJ/2022/03/0074', 17, 11, 33, NULL, 159, NULL, NULL, '', 0, 0, 0, 0, 261, 0, 0, 0, 0, 0, 0, 0, 0, 0, 0, '2022-03-09 18:20:15', '2022-03-10 12:01:02', NULL, NULL, NULL, 0, '0'),
(4789, '2022-03-09 07:48:00', 'NJ/2022/03/0075', 12, 15, 13, NULL, 16, 191, NULL, '', 0, 0, 0, 0, 65, 0, 0, 0, 0, 121, 0, 0, 0, 0, 0, '2022-03-09 15:48:00', '2022-03-09 18:16:52', NULL, NULL, NULL, 0, '0'),
(4790, '2022-03-09 08:39:22', 'NJ/2022/03/0076', 7, 37, 32, 17, 147, 66, NULL, '', 100, 0, 0, 0, 200, 0, 2, 0, 20, 306, 0, 0, 0, 0, 0, '2022-03-09 16:39:22', '2022-03-10 14:30:11', NULL, NULL, NULL, 0, '0'),
(4791, '2022-03-09 09:43:15', 'NJ/2022/03/0077', 9, 9, 38, NULL, 222, NULL, NULL, '', 150, 0, 0, 0, 44, 0, 0, 0, 0, 0, 0, 0, 0, 0, 0, '2022-03-09 17:43:15', '2022-03-10 00:00:40', NULL, NULL, NULL, 0, '0'),
(4792, '2022-03-09 09:09:48', 'NJ/2022/03/0078', 6, 23, NULL, NULL, 229, NULL, NULL, '', 550, 0, 0, 0, 487, 0, 0, 0, 0, 0, 0, 0, 0, 0, 0, '2022-03-09 17:09:48', '2022-03-09 23:17:19', NULL, NULL, NULL, 0, '0'),
(4793, '2022-03-09 10:20:53', 'NJ/2022/03/0079', 12, 15, 13, NULL, 67, NULL, NULL, '', 0, 15, 0, 0, 150, 0, 0, 0, 0, 0, 0, 0, 0, 0, 0, '2022-03-09 18:20:53', '2022-03-10 00:00:01', NULL, NULL, NULL, 0, '0'),
(4794, '2022-03-10 01:52:52', 'NJ/2022/03/0080', 5, 16, 27, NULL, 33, NULL, NULL, '', 0, 0, 0, 0, 100, 0, 0, 0, 0, 0, 0, 0, 0, 0, 0, '2022-03-10 09:52:52', '2022-03-10 11:12:56', NULL, NULL, NULL, 0, '0'),
(4795, '2022-03-09 10:59:43', 'NJ/2022/03/0081', 1, 2, 20, NULL, 120, NULL, NULL, '', 49, 10, 0, 0, 300, 0, 0, 0, 0, 0, 0, 0, 0, 0, 0, '2022-03-09 18:59:43', '2022-03-10 14:10:10', NULL, NULL, NULL, 0, '0'),
(4796, '2022-03-10 02:42:06', 'NJ/2022/03/0082', 10, 23, NULL, NULL, 229, NULL, NULL, '', 0, 5, 0, 0, 200, 0, 0, 0, 0, 0, 0, 0, 0, 0, 0, '2022-03-10 10:42:06', '2022-03-10 12:09:31', NULL, NULL, NULL, 0, '0'),
(4797, '2022-03-10 03:05:44', 'NJ/2022/03/0083', 9, 9, 38, NULL, 76, NULL, NULL, '', 0, 0, 0, 0, 200, 0, 0, 0, 0, 0, 0, 0, 0, 0, 0, '2022-03-10 11:05:44', '2022-03-10 17:20:55', NULL, NULL, NULL, 0, '0'),
(4798, '2022-03-10 03:42:09', 'NJ/2022/03/0084', 4, 16, 27, NULL, 84, NULL, NULL, '', 0, 0, 0, 0, 100, 0, 0, 0, 0, 0, 0, 0, 0, 0, 0, '2022-03-10 11:42:09', '2022-03-10 13:04:49', NULL, NULL, NULL, 0, '0'),
(4799, '2022-03-10 10:00:33', 'NJ/2022/03/0085', 17, 11, 33, 16, 83, NULL, NULL, '', 50, 0, 0, 0, 251, 0, 0, 0, 0, 0, 0, 0, 0, 0, 0, '2022-03-10 18:00:33', '2022-03-11 09:21:10', NULL, NULL, NULL, 0, '0'),
(4800, '2022-03-10 06:08:07', 'NJ/2022/03/0086', 12, 15, 16, NULL, 7, NULL, NULL, '', 20, 5, 0, 0, 159, 0, 0, 0, 0, 0, 0, 0, 0, 0, 0, '2022-03-10 14:08:07', '2022-03-10 20:30:39', NULL, NULL, NULL, 0, '0'),
(4801, '2022-03-10 07:19:52', 'NJ/2022/03/0087', 4, 23, 13, NULL, 33, NULL, NULL, '', 0, 0, 0, 0, 30, 0, 0, 0, 0, 0, 0, 0, 0, 0, 0, '2022-03-10 15:19:52', '2022-03-10 16:02:01', NULL, NULL, NULL, 0, '0'),
(4802, '2022-03-10 09:19:39', 'NJ/2022/03/0088', 10, 12, NULL, NULL, 229, NULL, NULL, '', 0, 50, 0, 0, 200, 0, 0, 0, 0, 0, 0, 0, 0, 0, 0, '2022-03-10 17:19:39', '2022-03-10 20:07:37', NULL, NULL, NULL, 0, '0'),
(4803, '2022-03-10 10:59:46', 'NJ/2022/03/0089', 1, 2, 20, 13, 150, NULL, NULL, '', 20, 10, 0, 0, 288, 0, 0, 0, 0, 0, 0, 0, 0, 0, 0, '2022-03-10 18:59:46', '2022-03-11 11:08:18', NULL, NULL, NULL, 0, '0'),
(4804, '2022-03-10 10:02:16', 'NJ/2022/03/0090', 6, 23, NULL, NULL, 229, NULL, NULL, '', 590, 40, 0, 0, 430, 0, 0, 0, 0, 0, 0, 0, 0, 0, 0, '2022-03-10 18:02:16', '2022-03-10 19:42:16', NULL, NULL, NULL, 0, '0'),
(4805, '2022-03-11 03:15:29', 'NJ/2022/03/0091', 12, 15, 32, NULL, 200, NULL, NULL, '', 150, 0, 0, 0, 0, 0, 0, 0, 0, 0, 0, 0, 0, 0, 0, '2022-03-11 11:15:29', '2022-03-11 14:05:07', NULL, NULL, NULL, 0, '0'),
(4806, '2022-03-11 03:58:04', 'NJ/2022/03/0092', 9, 9, 38, NULL, 60, 5, 215, '', 0, 0, 0, 0, 80, 0, 0, 0, 0, 31, 0, 0, 0, 0, 50, '2022-03-11 11:58:04', '2022-03-11 15:39:51', NULL, NULL, NULL, 0, '0'),
(4807, '2022-03-11 06:29:12', 'NJ/2022/03/0093', 15, 23, NULL, NULL, 229, NULL, NULL, '', 150, 0, 0, 0, 0, 0, 0, 0, 0, 0, 0, 0, 0, 0, 0, '2022-03-11 14:29:12', '2022-03-11 15:46:55', NULL, NULL, NULL, 0, '0'),
(4808, '2022-03-11 07:38:26', 'NJ/2022/03/0094', 12, 15, 32, NULL, 21, NULL, NULL, '', 25, 10, 0, 0, 145, 0, 0, 0, 0, 0, 0, 0, 0, 0, 0, '2022-03-11 15:38:26', '2022-03-11 23:13:45', NULL, NULL, NULL, 0, '0'),
(4809, '2022-03-11 09:00:25', 'NJ/2022/03/0095', 8, 12, NULL, NULL, 229, NULL, NULL, '', 0, 0, 0, 0, 300, 0, 0, 0, 0, 0, 0, 0, 0, 0, 0, '2022-03-11 17:00:25', '2022-03-11 20:16:10', NULL, NULL, NULL, 0, '0'),
(4810, '2022-03-11 09:28:27', 'NJ/2022/03/0096', 9, 9, 38, NULL, 108, 7, NULL, '', 30, 8, 0, 0, 115, 0, 5, 0, 0, 0, 0, 0, 0, 0, 0, '2022-03-11 17:28:27', '2022-03-12 00:01:39', NULL, NULL, NULL, 0, '0'),
(4811, '2022-03-11 09:33:37', 'NJ/2022/03/0097', 19, 2, NULL, NULL, 229, NULL, NULL, '', 600, 0, 0, 0, 0, 0, 0, 0, 0, 0, 0, 0, 0, 0, 0, '2022-03-11 17:33:37', '2022-03-11 19:01:02', NULL, NULL, NULL, 0, '0'),
(4812, '2022-03-11 09:38:40', 'NJ/2022/03/0098', 7, 23, NULL, NULL, 229, NULL, NULL, '', 0, 0, 0, 0, 810, 0, 0, 0, 0, 0, 0, 0, 0, 0, 0, '2022-03-11 17:38:40', '2022-03-11 19:18:40', NULL, NULL, NULL, 0, '0'),
(4813, '2022-03-12 02:21:12', 'NJ/2022/03/0099', 12, 16, 13, NULL, 115, NULL, NULL, '', 0, 0, 0, 0, 100, 0, 0, 0, 0, 0, 0, 0, 0, 0, 0, '2022-03-12 10:21:12', '2022-03-12 11:38:41', NULL, NULL, NULL, 0, '0'),
(4814, '2022-03-12 02:52:51', 'NJ/2022/03/0100', 7, 2, NULL, NULL, 229, NULL, NULL, '', 0, 10, 0, 0, 805, 0, 0, 0, 0, 0, 0, 0, 0, 0, 0, '2022-03-12 10:52:51', '2022-03-12 12:32:51', NULL, NULL, NULL, 0, '0'),
(4815, '2022-03-12 02:57:23', 'NJ/2022/03/0101', 9, 9, 38, NULL, 34, NULL, NULL, '', 0, 0, 0, 0, 180, 0, 0, 0, 0, 0, 0, 0, 0, 0, 0, '2022-03-12 10:57:23', '2022-03-12 13:32:21', NULL, NULL, NULL, 0, '0'),
(4816, '2022-03-12 03:05:35', 'NJ/2022/03/0102', 10, 37, 17, NULL, 70, NULL, NULL, '', 5, 5, 0, 0, 300, 0, 0, 0, 0, 0, 0, 0, 0, 0, 0, '2022-03-12 11:05:35', '2022-03-12 22:06:00', NULL, NULL, NULL, 0, '0'),
(4817, '2022-03-12 06:09:51', 'NJ/2022/03/0103', 9, 9, 38, NULL, 60, 93, NULL, '', 0, 0, 0, 0, 40, 0, 5, 0, 0, 93, 0, 0, 0, 0, 0, '2022-03-12 14:09:51', '2022-03-12 16:40:58', NULL, NULL, NULL, 0, '0'),
(4818, '2022-03-12 07:57:14', 'NJ/2022/03/0104', 12, 15, 16, NULL, 84, 18, NULL, '', 0, 0, 0, 0, 100, 0, 0, 0, 0, 50, 0, 0, 0, 0, 0, '2022-03-12 15:57:14', '2022-03-12 18:38:14', NULL, NULL, NULL, 0, '0'),
(4819, '2022-03-12 08:40:34', 'NJ/2022/03/0105', 7, 2, NULL, NULL, 229, NULL, NULL, '', 890, 0, 0, 0, 300, 0, 0, 0, 0, 0, 0, 0, 0, 0, 0, '2022-03-12 16:40:34', '2022-03-12 22:37:14', NULL, NULL, NULL, 0, '0'),
(4820, '2022-03-12 11:30:15', 'NJ/2022/03/0106', 12, 15, 16, NULL, 75, NULL, NULL, '', 0, 10, 0, 0, 150, 0, 0, 0, 0, 0, 0, 0, 0, 0, 0, '2022-03-12 19:30:15', '2022-03-13 00:03:08', NULL, NULL, NULL, 0, '0'),
(4821, '2022-03-12 13:40:32', 'NJ/2022/03/0107', 9, 9, 38, NULL, 189, NULL, NULL, '', 30, 10, 0, 0, 154, 0, 0, 0, 0, 0, 0, 0, 0, 0, 0, '2022-03-12 21:40:32', '2022-03-13 10:42:35', NULL, NULL, NULL, 0, '0'),
(4822, '2022-03-12 09:43:49', 'NJ/2022/03/0108', 9, 9, 38, NULL, 16, 19, NULL, '', 0, 0, 0, 0, 90, 0, 5, 0, 0, 95, 0, 0, 0, 0, 0, '2022-03-12 17:43:49', '2022-03-12 20:35:26', NULL, NULL, NULL, 0, '0'),
(4823, '2022-03-12 03:04:14', 'NJ/2022/03/0109', 12, 15, 13, NULL, 227, 158, NULL, '', 0, 0, 0, 0, 25, 0, 0, 0, 0, 100, 0, 0, 0, 0, 0, '2022-03-12 11:04:14', '2022-03-12 13:08:55', NULL, NULL, NULL, 0, '0'),
(4824, '2022-03-14 02:01:57', 'NJ/2022/03/0110', 19, 2, NULL, NULL, 229, NULL, NULL, '', 0, 10, 0, 0, 300, 0, 0, 0, 0, 0, 0, 0, 0, 0, 0, '2022-03-14 10:01:57', '2022-03-14 11:29:22', NULL, NULL, NULL, 0, '0'),
(4825, '2022-03-14 02:09:05', 'NJ/2022/03/0111', 4, 32, 33, NULL, 45, NULL, NULL, '', 0, 2, 0, 3, 63, 0, 0, 0, 0, 0, 0, 0, 0, 0, 0, '2022-03-14 10:09:05', '2022-03-14 11:08:34', NULL, NULL, NULL, 0, '0'),
(4826, '2022-03-14 02:12:53', 'NJ/2022/03/0112', 5, 20, 13, NULL, 225, NULL, NULL, '', 0, 15, 0, 10, 0, 0, 0, 0, 0, 0, 0, 0, 0, 0, 0, '2022-03-14 10:12:53', '2022-03-14 11:06:36', NULL, NULL, NULL, 0, '0'),
(4827, '2022-03-14 03:35:43', 'NJ/2022/03/0113', 6, 37, NULL, NULL, 229, NULL, NULL, '', 0, 0, 0, 0, 810, 0, 0, 0, 0, 0, 0, 0, 0, 0, 0, '2022-03-14 11:35:43', '2022-03-14 13:15:43', NULL, NULL, NULL, 0, '0'),
(4828, '2022-03-14 08:44:19', 'NJ/2022/03/0114', 17, 11, 33, NULL, 112, 82, NULL, '', 130, 0, 0, 30, 0, 0, 10, 0, 10, 150, 0, 0, 0, 0, 0, '2022-03-14 16:44:19', '2022-03-15 03:24:45', NULL, NULL, NULL, 0, '0'),
(4829, '2022-03-14 06:13:17', 'NJ/2022/03/0115', 9, 9, 38, NULL, 41, NULL, NULL, '', 50, 6, 0, 10, 120, 0, 0, 0, 0, 0, 0, 0, 0, 0, 0, '2022-03-14 14:13:17', '2022-03-14 17:32:12', NULL, NULL, NULL, 0, '0'),
(4830, '2022-03-14 06:50:26', 'NJ/2022/03/0116', 7, 2, 17, 20, 6, 168, NULL, '', 100, 0, 0, 0, 228, 100, 0, 0, 2, 230, 0, 0, 0, 0, 0, '2022-03-14 14:50:26', '2022-03-15 14:23:39', NULL, NULL, NULL, 0, '0'),
(4831, '2022-03-14 07:03:26', 'NJ/2022/03/0117', 5, 15, 13, NULL, 216, NULL, NULL, '', 0, 0, 0, 0, 100, 0, 0, 0, 0, 0, 0, 0, 0, 0, 0, '2022-03-14 15:03:26', '2022-03-14 16:23:30', NULL, NULL, NULL, 0, '0'),
(4832, '2022-03-14 07:12:29', 'NJ/2022/03/0118', 10, 37, 32, NULL, 95, NULL, NULL, '', 0, 0, 0, 0, 315, 0, 0, 0, 0, 0, 0, 0, 0, 0, 0, '2022-03-14 15:12:29', '2022-03-15 03:40:07', NULL, NULL, NULL, 0, '0'),
(4833, '2022-03-14 08:31:41', 'NJ/2022/03/0119', 4, 15, 13, NULL, 219, 200, NULL, '', 0, 0, 0, 0, 50, 0, 50, 0, 0, 0, 0, 0, 0, 0, 0, '2022-03-14 16:31:41', '2022-03-14 19:53:24', NULL, NULL, NULL, 0, '0'),
(4834, '2022-03-14 10:30:00', 'NJ/2022/03/0120', 9, 9, 38, NULL, 135, NULL, NULL, '', 0, 10, 0, 0, 140, 0, 0, 0, 0, 0, 0, 0, 0, 0, 0, '2022-03-14 18:30:00', '2022-03-15 00:13:04', NULL, NULL, NULL, 0, '0'),
(4835, '2022-03-15 02:05:38', 'NJ/2022/03/0121', 4, 16, 13, NULL, 16, 195, NULL, '', 0, 0, 0, 0, 11, 0, 10, 0, 0, 70, 0, 0, 0, 0, 0, '2022-03-15 10:05:38', '2022-03-15 11:58:16', NULL, NULL, NULL, 0, '0'),
(4836, '2022-03-15 05:42:44', 'NJ/2022/03/0122', 4, 16, 13, NULL, 110, NULL, NULL, '', 0, 0, 0, 100, 0, 0, 0, 0, 0, 0, 0, 0, 0, 0, 0, '2022-03-15 13:42:44', '2022-03-15 14:39:23', NULL, NULL, NULL, 0, '0'),
(4837, '2022-03-15 05:46:56', 'NJ/2022/03/0123', 9, 9, 38, NULL, 216, 34, NULL, '', 0, 0, 0, 50, 0, 0, 0, 0, 0, 91, 0, 0, 0, 0, 0, '2022-03-15 13:46:56', '2022-03-15 16:19:49', NULL, NULL, NULL, 0, '0'),
(4838, '2022-03-15 06:11:54', 'NJ/2022/03/0124', 12, 15, 13, NULL, 60, 84, NULL, '', 0, 0, 0, 0, 50, 0, 0, 0, 0, 101, 0, 0, 0, 0, 0, '2022-03-15 14:11:54', '2022-03-15 16:32:11', NULL, NULL, NULL, 0, '0'),
(4839, '2022-03-15 13:10:18', 'NJ/2022/03/0125', 7, 2, 17, 20, 147, 181, NULL, '', 150, 0, 0, 20, 153, 30, 6, 0, 4, 282, 0, 0, 0, 0, 0, '2022-03-15 21:10:18', '2022-03-16 20:20:22', NULL, NULL, NULL, 0, '0'),
(4840, '2022-03-15 10:59:12', 'NJ/2022/03/0126', 17, 11, 16, NULL, 40, NULL, NULL, '', 53, 0, 0, 20, 270, 0, 0, 0, 0, 0, 0, 0, 0, 0, 0, '2022-03-15 18:59:12', '2022-03-16 14:01:28', NULL, NULL, NULL, 0, '0'),
(4841, '2022-03-15 10:59:23', 'NJ/2022/03/0127', 10, 37, 32, NULL, 105, NULL, NULL, '', 50, 15, 0, 0, 253, 0, 0, 0, 0, 0, 0, 0, 0, 0, 0, '2022-03-15 18:59:23', '2022-03-16 14:41:14', NULL, NULL, NULL, 0, '0'),
(4842, '2022-03-15 09:00:44', 'NJ/2022/03/0128', 12, 15, 13, NULL, 75, 140, NULL, '', 0, 0, 0, 0, 15, 0, 10, 0, 0, 140, 0, 0, 0, 0, 0, '2022-03-15 17:00:44', '2022-03-16 01:12:51', NULL, NULL, NULL, 0, '0'),
(4843, '2022-03-15 08:50:34', 'NJ/2022/03/0129', 9, 9, 38, NULL, 129, NULL, NULL, '', 90, 4, 0, 2, 100, 0, 0, 0, 0, 0, 0, 0, 0, 0, 0, '2022-03-15 16:50:34', '2022-03-16 00:29:45', NULL, NULL, NULL, 0, '0'),
(4844, '2022-03-15 12:45:42', 'NJ/2022/03/0130', 19, 12, NULL, NULL, 229, NULL, NULL, '', 0, 30, 0, 27, 250, 0, 0, 0, 0, 0, 0, 0, 0, 0, 0, '2022-03-15 20:45:42', '2022-03-15 22:13:07', NULL, NULL, NULL, 0, '0'),
(4845, '2022-03-16 02:07:08', 'NJ/2022/03/0131', 4, 12, 13, NULL, 93, NULL, NULL, '', 0, 0, 0, 0, 90, 0, 0, 0, 0, 0, 0, 0, 0, 0, 0, '2022-03-16 10:07:08', '2022-03-16 11:45:20', NULL, NULL, NULL, 0, '0'),
(4846, '2022-03-16 09:33:46', 'NJ/2022/03/0132', 4, 12, 13, NULL, 4, 199, NULL, '', 0, 0, 0, 0, 10, 10, 6, 0, 0, 0, 0, 0, 0, 0, 0, '2022-03-16 17:33:46', '2022-03-16 18:57:13', NULL, NULL, NULL, 0, '0'),
(4847, '2022-03-16 09:38:25', 'NJ/2022/03/0133', 6, 23, NULL, NULL, 229, NULL, NULL, '', 0, 0, 0, 93, 657, 0, 0, 0, 0, 0, 0, 0, 0, 0, 0, '2022-03-16 17:38:25', '2022-03-16 19:18:25', NULL, NULL, NULL, 0, '0'),
(4848, '2022-03-16 09:40:09', 'NJ/2022/03/0134', 12, 15, 13, NULL, 75, NULL, NULL, '', 0, 0, 0, 0, 170, 0, 0, 0, 0, 0, 0, 0, 0, 0, 0, '2022-03-16 17:40:09', '2022-03-16 22:21:22', NULL, NULL, NULL, 0, '0'),
(4849, '2022-03-16 06:43:21', 'NJ/2022/03/0135', 12, 15, 13, NULL, 10, 54, NULL, '', 0, 0, 0, 0, 90, 30, 10, 0, 0, 50, 0, 0, 0, 0, 0, '2022-03-16 14:43:21', '2022-03-16 18:33:25', NULL, NULL, NULL, 0, '0'),
(4850, '2022-03-16 10:40:52', 'NJ/2022/03/0136', 1, 12, 13, NULL, 8, 7, NULL, '', 0, 0, 0, 0, 150, 21, 10, 0, 0, 153, 0, 0, 0, 0, 0, '2022-03-16 18:40:52', '2022-03-17 08:29:07', NULL, NULL, NULL, 0, '0'),
(4851, '2022-03-16 12:00:50', 'NJ/2022/03/0137', 8, 2, NULL, NULL, 229, NULL, NULL, '', 0, 2, 0, 0, 300, 0, 0, 0, 0, 0, 0, 0, 0, 0, 0, '2022-03-16 20:00:50', '2022-03-16 21:28:15', NULL, NULL, NULL, 0, '0'),
(4852, '2022-03-17 03:07:40', 'NJ/2022/03/0138', 4, 16, 13, NULL, 34, NULL, NULL, '', 0, 0, 0, 0, 100, 0, 0, 0, 0, 0, 0, 0, 0, 0, 0, '2022-03-17 11:07:40', '2022-03-17 12:48:28', NULL, NULL, NULL, 0, '0'),
(4853, '2022-03-17 03:28:01', 'NJ/2022/03/0139', 12, 15, 33, NULL, 16, 60, NULL, '', 0, 0, 0, 0, 130, 0, 0, 0, 0, 50, 0, 0, 0, 0, 0, '2022-03-17 11:28:01', '2022-03-17 13:58:50', NULL, NULL, NULL, 0, '0'),
(4854, '2022-03-17 03:50:03', 'NJ/2022/03/0140', 19, 37, NULL, NULL, 229, NULL, NULL, '', 0, 0, 0, 0, 300, 0, 0, 0, 0, 0, 0, 0, 0, 0, 0, '2022-03-17 11:50:03', '2022-03-17 13:17:28', NULL, NULL, NULL, 0, '0'),
(4855, '2022-03-17 06:23:26', 'NJ/2022/03/0141', 4, 32, 39, NULL, 130, NULL, NULL, '', 0, 9, 0, 1, 100, 0, 0, 0, 0, 0, 0, 0, 0, 0, 0, '2022-03-17 14:23:26', '2022-03-17 17:37:30', NULL, NULL, NULL, 0, '0'),
(4856, '2022-03-17 07:01:26', 'NJ/2022/03/0142', 1, 2, 33, NULL, 83, NULL, NULL, '', 50, 20, 0, 0, 259, 0, 0, 0, 0, 0, 0, 0, 0, 0, 0, '2022-03-17 15:01:26', '2022-03-18 01:28:16', NULL, NULL, NULL, 0, '0'),
(4857, '2022-03-17 07:35:51', 'NJ/2022/03/0143', 17, 11, 16, NULL, 112, 21, NULL, '', 100, 0, 0, 0, 0, 50, 20, 0, 10, 150, 0, 0, 0, 0, 0, '2022-03-17 15:35:51', '2022-03-18 01:03:50', NULL, NULL, NULL, 0, '0'),
(4858, '2022-03-17 08:02:15', 'NJ/2022/03/0144', 10, 37, 17, NULL, 223, 112, NULL, '', 0, 0, 0, 40, 0, 542, 0, 0, 0, 0, 0, 0, 0, 0, 0, '2022-03-17 16:02:15', '2022-03-17 23:20:26', NULL, NULL, NULL, 0, '0'),
(4859, '2022-03-17 09:01:33', 'NJ/2022/03/0145', 12, 15, 34, NULL, 229, NULL, NULL, '', 0, 90, 0, 0, 80, 0, 0, 0, 0, 0, 0, 0, 0, 0, 0, '2022-03-17 17:01:33', '2022-03-17 19:03:09', NULL, NULL, NULL, 0, '0'),
(4860, '2022-03-17 09:12:02', 'NJ/2022/03/0146', 6, 23, NULL, NULL, 229, NULL, NULL, '', 500, 10, 0, 5, 520, 0, 0, 0, 0, 0, 0, 0, 0, 0, 0, '2022-03-17 17:12:02', '2022-03-17 23:25:55', NULL, NULL, NULL, 0, '0');
INSERT INTO `distribusi` (`id`, `tanggal`, `no_perjalanan`, `id_plat`, `driver`, `helper_1`, `helper_2`, `nama_pel_1`, `nama_pel_2`, `nama_pel_3`, `bongkar`, `cup1`, `a3301`, `a5001`, `a6001`, `refill1`, `cup2`, `a3302`, `a5002`, `a6002`, `refill2`, `cup3`, `a3303`, `a5003`, `a6003`, `refill3`, `jam_berangkat`, `estimasi_jam_datang`, `jam_datang`, `keterangan`, `tgl_validasi`, `validasi_oleh`, `status`) VALUES
(4881, '2022-05-06 07:07:29', 'NJ/2022/05/0001', 7, 58, 33, 34, 77, 78, 95, '1', 0, 0, 0, 0, 100, 0, 0, 0, 0, 200, 0, 0, 0, 0, 300, '2022-05-06 15:07:20', '2022-05-07 09:27:20', '2022-05-06 15:19:49', '', '2022-05-06 07:19:50', 56, '1'),
(4882, '2022-05-06 07:25:36', 'NJ/2022/05/0002', 10, 11, 39, 27, 135, NULL, NULL, '1', 600, 0, 0, 0, 0, 0, 0, 0, 0, 0, 0, 0, 0, 0, 0, '2022-05-06 15:25:28', '2022-05-06 22:21:04', '2022-05-06 22:22:51', '', '2022-05-06 08:23:01', 56, '1'),
(4883, '2022-05-06 08:00:18', 'NJ/2022/05/0003', 17, 11, 38, 17, 7, NULL, NULL, '1', 0, 0, 0, 0, 300, 0, 0, 0, 0, 0, 0, 0, 0, 0, 0, '2022-05-06 16:00:16', '2022-05-07 00:51:40', '2022-05-07 00:50:11', '', '2022-06-16 10:19:23', 56, '1'),
(4884, '2022-05-06 08:00:48', 'NJ/2022/05/0004', 10, 11, 17, 38, 40, NULL, NULL, '1', 0, 0, 0, 0, 300, 0, 0, 0, 0, 0, 0, 0, 0, 0, 0, '2022-05-06 16:00:47', '2022-05-07 06:41:54', '2022-05-07 20:20:38', '', '2022-05-06 08:20:44', 56, '1'),
(4896, '2022-06-19 09:55:05', 'NJ/2022/06/0001', 1, 38, 11, NULL, 95, NULL, NULL, '1', 0, 0, 0, 0, 315, 0, 0, 0, 0, 0, 0, 0, 0, 0, 0, '2022-06-19 17:55:04', '2022-06-20 07:45:14', '2022-06-20 07:18:00', '', '2022-06-19 10:18:08', 56, '1');

-- --------------------------------------------------------

--
-- Table structure for table `distributor`
--

CREATE TABLE `distributor` (
  `id` int(11) NOT NULL,
  `nama` varchar(100) NOT NULL,
  `id_da` varchar(10) NOT NULL,
  `paket` enum('DISTRIBUTOR','SUB DISTRIBUTOR','BUKAN SUB/DISTRIBUTOR') NOT NULL,
  `alamat_dropping` varchar(1028) NOT NULL,
  `no_telepon` varchar(15) NOT NULL,
  `jarak` int(4) NOT NULL,
  `tanggal_registrasi` datetime NOT NULL DEFAULT current_timestamp(),
  `tanggal_update_data` timestamp NOT NULL DEFAULT current_timestamp() ON UPDATE current_timestamp(),
  `status_keaktifan` enum('AKTIF','NON AKTIF') NOT NULL
) ENGINE=InnoDB DEFAULT CHARSET=latin1;

--
-- Dumping data for table `distributor`
--

INSERT INTO `distributor` (`id`, `nama`, `id_da`, `paket`, `alamat_dropping`, `no_telepon`, `jarak`, `tanggal_registrasi`, `tanggal_update_data`, `status_keaktifan`) VALUES
(1, 'PAGUYUBAN BAKSO DAN PENTOL', 'BD9995', 'BUKAN SUB/DISTRIBUTOR', 'JL. TELAGA BUDI, NO. 45 RT 006 RW 002, KEL ANGSAU, KEC PELAIHARI, KAB TANAH LAUT', '085752826030', 45, '2021-11-06 14:58:21', '2022-03-21 15:25:11', 'AKTIF'),
(2, 'POSKO BANJIR HANDIL BAKTI', 'BD9996', 'BUKAN SUB/DISTRIBUTOR', 'HANDIL BAKTI', 'TIDAK ADA', 47, '2021-01-22 16:48:29', '2022-03-21 15:25:11', 'AKTIF'),
(3, 'POSKO BANJIR', 'BD9997', 'BUKAN SUB/DISTRIBUTOR', 'BANJARBARU', 'TIDAK ADA', 15, '2021-01-18 15:43:23', '2022-03-21 15:25:11', 'AKTIF'),
(4, 'Rumah Dinas', 'BD9998', 'BUKAN SUB/DISTRIBUTOR', 'Banjarbaru', '082255295234', 8, '2020-08-28 09:32:40', '2022-03-21 15:25:11', 'AKTIF'),
(5, 'CONCORDIA', 'BD9999', 'BUKAN SUB/DISTRIBUTOR', 'Landasan Ulin', '082253007300', 15, '2020-08-18 14:00:23', '2022-03-21 15:25:11', 'AKTIF'),
(6, 'MUHAMMAD ARSYAD', 'DA0378', 'DISTRIBUTOR', 'JL. SABERAN EFENDI RT 3 KELURAHAN SUNGAI MALANG', '082152680000', 155, '2016-10-12 19:58:22', '2022-03-21 15:40:53', 'AKTIF'),
(7, 'M ISYA ANSHARI', 'DA0379', 'DISTRIBUTOR', 'JL.A YANI 79 RT 06/LK III KEL.KANDANGAN UTARA KEC.KANDANGAN HSS GANG MEKAR SUBUR\r\n', '08125319990', 112, '2016-08-16 00:00:00', '2022-03-21 15:40:53', 'AKTIF'),
(8, 'M TALHAH', 'DA0380', 'DISTRIBUTOR', 'JL. JENDERAL SUDIRMAN RT.04 DESA TIBUNG RAYA KECAMATAN KANDANGAN  HSS ( SEBERANG KEJARI HSS)', '085251212191', 108, '2016-08-16 20:01:22', '2022-03-21 15:40:53', 'AKTIF'),
(9, 'MUNZIRIN', 'DA0381', 'DISTRIBUTOR', 'SEPUNGUR PUSAN HILIR,TANBU\r\n', '085348306070', 234, '2016-08-16 20:04:46', '2022-03-21 15:25:11', 'AKTIF'),
(10, 'AHDIYAT NURHAN', 'DA0382', 'DISTRIBUTOR', 'JALAN PERJUANGAN KOMPLEK SURYA LANGGENG 3 BLOK A NO 4 RT 09 RW O4 SUNGAI SIPAI MARTAPURA', '08125002213', 17, '2016-08-16 00:00:00', '2022-03-21 15:40:53', 'AKTIF'),
(11, 'IMAN BASUKI', 'DA0383', 'DISTRIBUTOR', 'JL. KOPI 58 MENTAWA BARU ILIR KETAPANG,SAMPIT (AMBIL DI PABRIK)\r\n', '081251612169', 456, '2016-09-05 00:00:00', '2022-03-21 15:40:53', 'AKTIF'),
(12, 'HARYANTO', 'DA0384', 'DISTRIBUTOR', 'MENARAP', '0895605937806', 32, '2016-08-15 00:00:00', '2022-03-21 15:25:11', 'AKTIF'),
(13, 'GURUH BUDHI S', 'DA0385', 'DISTRIBUTOR', 'JL. MAHLIGAI KM.7 KOMPLEK BOGA TENGAH PERMAI NO.34B RT.15 RW.02 KERTAK HANYAR II, BANJAR', '082270698730', 35, '2016-09-09 00:00:00', '2022-03-21 15:40:53', 'AKTIF'),
(14, 'EMMA RAMAYANTI', 'DA0386', 'DISTRIBUTOR', 'KERTAK HANYAR 2,KERTAK HANYAR,BANJAR', '0811513626', 35, '2016-08-16 00:00:00', '2022-03-21 15:25:11', 'AKTIF'),
(15, 'MIRZA DEWANTARA', 'DA0387', 'DISTRIBUTOR', 'PEMBATAAN,MURUNG PUDAK,TANJUNG\r\n', '081346483837', 203, '2016-08-18 19:55:10', '2022-03-21 15:25:11', 'AKTIF'),
(16, 'WAHYUDI', 'DA0388', 'DISTRIBUTOR', 'JALAN GUNTUNG MANGGIS KOMPLEK, JL. PESONA ROSELLA MODERN NO.A.7, GUNTUNGMANGGIS, KEC. LANDASAN ULIN,', '081256574333', 6, '2016-08-15 00:00:00', '2022-03-21 15:40:53', 'AKTIF'),
(17, 'KCG (WAHYUDI)', 'DA0388A', 'BUKAN SUB/DISTRIBUTOR', 'KOMP CITRA GRAHA, LIANG ANGGANG', '081256574333', 13, '2016-08-15 00:00:00', '2022-03-21 15:25:11', 'AKTIF'),
(18, 'ABDUL HADI', 'DA0389', 'DISTRIBUTOR', 'JL GOLF SWARGA LOK KELURAHAN SAMSUDINNOOR,KECAMATAN LANDASAN ULIN', '081250042135', 19, '2016-08-19 00:00:00', '2022-03-21 15:25:11', 'AKTIF'),
(19, 'M JAYADI NOOR', 'DA0390', 'DISTRIBUTOR', 'KOMPLEK ANTERO KELAPA GADING RAYA NO. A11 RT. 01 RW. 01 SUNGAI BESAR', '081349459395', 13, '2016-08-20 19:59:57', '2022-03-21 15:40:53', 'AKTIF'),
(20, 'SYAHBIDIN', 'DA0392', 'DISTRIBUTOR', 'JL. CAHAYA AL MA\'SHUM- BAWAN\nKEL. BUKAT\n KEC. BARABAI\r\n', '085251671049', 142, '2016-08-24 22:41:33', '2022-03-21 15:40:53', 'AKTIF'),
(21, 'SITI NOOR RAHMIDAWATI', 'DA0393', 'DISTRIBUTOR', 'BUKAT,BARABAI,BARABAI\r\n\r\n', '085332122196', 141, '2019-10-19 22:19:17', '2022-03-21 15:25:11', 'AKTIF'),
(22, 'HENDRA', 'DA0394', 'DISTRIBUTOR', 'JALAN SUNGAI MIAI DALAM, NO.72, RT.6, RW.1, KELURAHAN SUNGAI MIAI, KECAMATAN BANJARMASIN UTARA, KO\r\n', '082148026647', 42, '2016-08-15 00:00:00', '2022-03-21 15:40:53', 'AKTIF'),
(23, 'FERRY IBNU', 'DA0395', 'DISTRIBUTOR', 'JL.A.YANI KM.25 RT.01 RW.07 NO.34 SEBERANG AIRNAV BANDARA\nBELAKANG AMI ALI PARFUM \nLANDASAN ULIN TIM', '087816408496', 12, '1899-12-30 00:00:00', '2022-03-21 15:40:53', 'AKTIF'),
(24, 'NUR AMALIA', 'DA0396', 'DISTRIBUTOR', 'SEBERANG MASJID,BANJARMASIN TENGAH,BANJARMASIN\r\n', '082154924678', 38, '2016-09-22 20:19:27', '2022-03-21 15:25:11', 'AKTIF'),
(25, 'AWAN SUBARKAH', 'DA0397', 'DISTRIBUTOR', 'JL. BENUA ANYAR GG RIJANI NO 74 RT 4.\nBANJARMASIN TIMUR', '082124551925', 5, '2016-08-18 00:00:00', '2022-03-21 15:40:53', 'AKTIF'),
(26, 'MUSHAFA ZAKIR', 'DA0398', 'DISTRIBUTOR', 'ALALAK SELATAN,BANJARMASIN UTARA,BANJARMASIN UTARA\r\n', '081349324850', 44, '2016-08-20 20:07:39', '2022-03-21 15:25:11', 'AKTIF'),
(27, 'MURTDHA ZULFAN', 'DA0399', 'DISTRIBUTOR', 'KOMP. KAYU TANGI 2 JALUR 2 NO.11 RT. 15 BANJARMASIN\nHTTPS://MAPS.APP.GOO.GL/EUYUFNBXALA1BDCB7', '085755569956', 42, '2016-08-20 20:06:11', '2022-03-21 15:40:53', 'AKTIF'),
(28, 'M ANSHARI (BUNGA)', 'DA0401', 'DISTRIBUTOR', 'GUDANG JL.DHARMA BAKTI VB RT.14 RW.002 NO.40B BANJARMASIN\r\n', '08125135970', 35, '2016-09-07 00:00:00', '2022-03-21 15:40:53', 'AKTIF'),
(29, 'M ANSHARI', 'DA0402', 'DISTRIBUTOR', 'JL. PRAMUKA RT. 9 (RUMAH TAHFIZH ANNUR) PEMURUS LUAR, BANJARMASIN TIMUR\r\n', '085345183910', 34, '2016-09-17 00:00:00', '2022-03-21 15:40:53', 'AKTIF'),
(30, 'HERIYADI', 'DA0403', 'DISTRIBUTOR', 'JL.H.SABERAN EFFENDI RT 06 NO 84 PALAMPITAN HILIR KEC.AMUNTAI TENGAH KAB.HULU SUNGAI UTARA', '085651238577', 167, '2016-08-15 00:00:00', '2022-03-21 15:40:53', 'AKTIF'),
(31, 'SUSI INDRIYANI', 'DA0404', 'DISTRIBUTOR', 'DISTRO LANDASAN ULIN TENGAH...JALAN PERAMUAN KOMPLEK PERTOKOAN CITRA BANGUN PERSADA BLOK R2 SAMPING PABRIK ROTI DEKAT DGN INDOMARET\r\n\r\n', '082154190958', 14, '2016-09-09 22:39:02', '2022-03-21 15:45:51', 'AKTIF'),
(32, 'MELLIAWATI/ARDIK LAHDIMAWAN', 'DA0405', 'DISTRIBUTOR', 'KERTAK BARU ILIR,BANJARMASIN TENGAH,BANJARMASIN SELATAN\r\n', '082154036969', 39, '2016-08-22 19:51:35', '2022-03-21 15:25:11', 'AKTIF'),
(33, 'NURKHALIS ANSHARI', 'DA0406', 'DISTRIBUTOR', 'JL.RO.ULIN GG. JUMPA SODARA RT.01 RW.04 KEL.LOKTABAT SELATAN, KOTA BANJARBARU.\r\n', '085222007844', 10, '2016-08-20 20:16:56', '2022-03-21 15:40:53', 'AKTIF'),
(34, 'ALPIANNOOR', 'DA0407', 'DISTRIBUTOR', 'JL. JERUK RT.25 RW.06 KEL. SUNGAI ULIN, KOTA BANJARBARU.', '087816000447', 18, '2016-09-21 00:00:00', '2022-03-21 15:40:53', 'AKTIF'),
(35, 'DANU ISMADI SADERI ', 'DA0408', 'DISTRIBUTOR', 'JL GARUDA NO. 69 KEL. KOMET BANJARBARU UTARA', '0811503756', 17, '2016-08-16 00:00:00', '2022-03-21 15:40:53', 'AKTIF'),
(36, 'LAILAN JAMILAH', 'DA0409', 'DISTRIBUTOR', 'DESA BENAWA TENGAH,BARABAI,BARABAI\r\n', '081346290600', 144, '2016-10-08 00:00:00', '2022-03-21 15:25:11', 'AKTIF'),
(37, 'ZAZULI ', 'DA0410', 'DISTRIBUTOR', 'BARABAI BARAT,BARABAI,BARABAI\r\n', '08125178702', 142, '2016-10-24 22:57:06', '2022-03-21 15:25:11', 'AKTIF'),
(38, 'ZAINAL MUTTAQIEN', 'DA0411', 'DISTRIBUTOR', 'LOKTABAT UTARA,BANJARBARU UTARA', '081261011162', 10, '2016-08-23 00:00:00', '2022-03-21 15:25:11', 'AKTIF'),
(39, 'SYAHRANI', 'DA0412', 'DISTRIBUTOR', 'JLN RAYA TRANS KALIMANTAN KM. 6 NO. 58 RT. 9  RW. O2 KEL. HANDIL BAKTI KEC. ALALAK\r\n', '085249301040', 45, '2016-08-27 00:00:00', '2022-03-21 15:45:51', 'AKTIF'),
(40, 'AGUS SYAMSUDIN MAJID', 'DA0413', 'DISTRIBUTOR', 'KELURAHAN MENTENG KECAMATAN JEKAN RAYA PALANGKARAYA', '081349285606', 232, '2016-10-21 00:00:00', '2022-03-21 15:25:11', 'AKTIF'),
(41, 'PRAMESTI PODO', 'DA0414', 'DISTRIBUTOR', 'KOMPLEK KIJANG MAS PERMAI RT 11, KELURAHAN SARANG HALANG, KECAMATAN PELAIHARI\r\n', '085821618775', 45, '2016-10-18 22:34:37', '2022-03-21 15:45:51', 'AKTIF'),
(42, 'HILMI HASAN', 'DA0415', 'DISTRIBUTOR', 'JL. SULTAN ADAM TEMBUS SUNGAI MIAI.\nKOMPLEKS BULAKINDO BLOK E RT 22. NO. 76 BANJARMASIN UTARA\r\n', '0811503649', 48, '2016-09-20 00:00:00', '2022-03-21 15:40:53', 'AKTIF'),
(43, 'TOTOK DEWANTO', 'DA0416', 'DISTRIBUTOR', 'SUNGAI JINGAH,BANJARMASIN UTARA,BANJARBARU\r\n', '08125101729', 40, '2016-08-15 22:49:17', '2022-03-21 15:25:11', 'AKTIF'),
(44, 'JUNIANSYAH', 'DA0417', 'DISTRIBUTOR', 'JLN KKPA 1 RT 17 DESA PURWODADI KEC ANGSANA KAB TANAH BUMBU\r\n', '081351903397', 180, '2016-08-19 00:00:00', '2022-03-21 15:45:51', 'AKTIF'),
(45, 'TJINDAR BUMI ', 'DA0418', 'DISTRIBUTOR', 'KOMP. GRIYA KEMUNING INDAH NO 3/4,BANJARBARU SELATAN,BANJARBARU\r\n', '08115015120', 9, '2016-08-16 22:47:42', '2022-03-21 15:25:11', 'AKTIF'),
(46, 'HERI SUMANTO', 'DA0419', 'DISTRIBUTOR', 'GUNTUNG PAYUNG,LANDASAN ULIN,CEMPAKA\r\n', '081262116112', 10, '2016-08-26 00:00:00', '2022-03-21 15:25:11', 'AKTIF'),
(47, 'M JAZULI', 'DA0420', 'DISTRIBUTOR', 'PASAR LAMA,BANJARMASIN TENGAH,BANJARMASIN\r\n', '081349641380', 40, '2016-08-16 00:00:00', '2022-03-21 15:25:11', 'AKTIF'),
(48, 'ABI MA\'RUF BASIRIH', 'DA0421', 'DISTRIBUTOR', 'BASIRIH', '085251965000', 47, '2016-08-15 00:00:00', '2022-03-21 15:25:11', 'AKTIF'),
(49, 'NURUL FIKRI BJB (ABI MA\'RUF)', 'DA0421A', 'BUKAN SUB/DISTRIBUTOR', 'BASIRIH', '085251965000', 8, '2016-08-15 00:00:00', '2022-03-21 15:25:11', 'AKTIF'),
(50, 'SUCIPTO BAITON', 'DA0422', 'DISTRIBUTOR', 'BASIRIH SELATAN,BANJARMASIN BARAT,BANAJRMASIN\r\n', '081251111682', 40, '2016-08-15 22:24:58', '2022-03-21 15:25:11', 'AKTIF'),
(51, 'NINING TRI', 'DA0423', 'DISTRIBUTOR', 'JL. CEMPAKA RAYA 2 GANG 3 NO AE5 BASIRIH BANJARMASIN BARAT\r\n', '081320556464', 42, '2016-08-20 20:10:08', '2022-03-21 15:45:51', 'AKTIF'),
(52, 'RISWANDI', 'DA0424', 'DISTRIBUTOR', 'GUDANG DISTRP KERTAK HANYAR 1 & PEMURUS DALAM : BANJAR INDAH UJUNG, JLN PINANG 2 NO 3 BJM', '08115121969', 40, '2016-08-15 20:28:52', '2022-03-21 15:45:51', 'AKTIF'),
(53, 'RIA YULIANI', 'DA0425', 'DISTRIBUTOR', 'GUDANG DISTRP KERTAK HANYAR 1 & PEMURUS DALAM : BANJAR INDAH UJUNG, JLN PINANG 2 NO 3 BJM\r\n', '081258076337', 34, '2016-08-15 20:25:48', '2022-03-21 15:45:51', 'AKTIF'),
(54, 'SYAHRUDIN', 'DA0426', 'DISTRIBUTOR', 'MANTUIL,BANJARMASIN SELATAN,BANJARMASIN\r\n', '08115121969', 42, '2016-08-15 20:32:12', '2022-03-21 15:45:51', 'AKTIF'),
(55, 'DIAN AGUSTINA/RISWANDI', 'DA0428', 'DISTRIBUTOR', 'SUNGAI LULUT,BANJARMASIN TIMUR', '081805825676', 35, '2016-10-05 00:00:00', '2022-03-21 15:25:11', 'AKTIF'),
(56, 'NURHAMIM', 'DA0429', 'DISTRIBUTOR', 'PENGAMBANGAN,BANJARMASIN TIMUR,BANJARMASIN TIMUR\r\n', '081255579333', 37, '2016-08-16 20:18:09', '2022-03-21 15:25:11', 'AKTIF'),
(57, 'BEJO RIYANTO UKHUWAH', 'DA0430', 'DISTRIBUTOR', 'KOMP. BUMI HANDAYANI 12A KM. 4.5, JL. BUMI MAS RAYA, PEMURUS BARU, KEC. BANJARMASIN SEL., KOTA BANJARMASIN, KALIMANTAN SELATAN 70249', '08115043909', 35, '2016-08-24 00:00:00', '2022-03-21 15:45:51', 'AKTIF'),
(58, 'KHAIRUDIN AL ASYIRI', 'DA0431', 'DISTRIBUTOR', 'PEMURUS BARU,BANJARMASIN SELATAN,BANJARMASIN SELATAN\r\n', '081351471000', 35, '2016-08-18 00:00:00', '2022-03-21 15:25:11', 'AKTIF'),
(59, 'BEJO RIYANTO', 'DA0432', 'DISTRIBUTOR', 'PEKAPURAN RAYA,BANJARMASIN TIMUR,BANJARMASIN', '08115043909', 29, '2016-08-15 00:00:00', '2022-03-21 15:45:51', 'AKTIF'),
(60, 'HQBS (BEJO RYANTO)', 'DA0432A', 'BUKAN SUB/DISTRIBUTOR', 'PEKAPURAN RAYA,BANJARMASIN TIMUR,BANJARMASIN', '08115043909', 9, '2016-08-15 00:00:00', '2022-03-21 15:40:53', 'AKTIF'),
(61, 'UMMI JIHAN BAHESTI', 'DA0433', 'DISTRIBUTOR', 'SEI LULUT,SEI TABUK,BANJAR\r\n', '085248919697', 38, '2016-09-15 22:50:48', '2022-03-21 15:25:11', 'AKTIF'),
(62, 'NETTY KARTIKA SARI', 'DA0434', 'DISTRIBUTOR', 'PALAM,CEMPAKA\r\n', '081251381002', 1, '2016-10-03 20:08:38', '2022-03-21 15:25:11', 'AKTIF'),
(63, 'BANK KALSEL (NETTY KARTIKA SARI)', 'DA0434A', 'BUKAN SUB/DISTRIBUTOR', 'MATARAMAN', '081251381002', 32, '2016-10-03 20:08:38', '2022-03-21 15:25:11', 'AKTIF'),
(64, 'GUNUNG LIMO (NETTY KARTIKA SARI)', 'DA0434B', 'BUKAN SUB/DISTRIBUTOR', 'SUNGKAI', '081251381002', 52, '2016-10-03 20:08:38', '2022-03-21 15:25:11', 'AKTIF'),
(65, 'AHBIDIN SUYIT', 'DA0435', 'DISTRIBUTOR', 'KOMPLEK BUKIT PERMTA INDAH JLN PERMATA KECUBUNG RMH NO 18 SEI ULIN\r\n', '081351593333', 10, '2016-09-15 22:39:50', '2022-03-21 15:45:51', 'AKTIF'),
(66, 'M ISMAIL', 'DA0436', 'DISTRIBUTOR', 'JL MERANTI GG ISTIQAMAH NO 22\nPALANGKA RAYA\r\n', '08125156305', 233, '2016-08-16 19:57:28', '2022-03-21 15:40:53', 'AKTIF'),
(67, 'DEDY ROCHANSYAH', 'DA0437', 'DISTRIBUTOR', 'JL.  MAHAKAM NO. 2 RT.  021. RW. 003 KEL.  SELAT TENGAH KEC. SELAT. KABUPATEN KAPUAS.  KALIMANTAN TENGAH', '08125171006', 96, '2016-08-16 00:00:00', '2022-03-21 15:45:51', 'AKTIF'),
(68, 'YATINEM (TK PUTRI)', 'DA0438', 'DISTRIBUTOR', 'SEI CUKA,KINTAP,TANAH LAUT\r\n', '082154607970', 146, '2016-09-01 22:52:02', '2022-03-21 15:25:11', 'AKTIF'),
(69, 'A3M (TK PUTRI)', 'DA0438A', 'DISTRIBUTOR', 'SEI CUKA,KINTAP,TANAH LAUT\r\n', '082154607970', 170, '2016-09-01 22:52:02', '2022-03-21 15:25:11', 'AKTIF'),
(70, 'MCB (TK PUTRI)', 'DA0438B', 'DISTRIBUTOR', 'SEI CUKA,KINTAP,TANAH LAUT\r\n', '082154607970', 170, '2016-09-01 22:52:02', '2022-03-21 15:25:11', 'AKTIF'),
(71, 'RINA ARIYANI', 'DA0439', 'DISTRIBUTOR', 'JL. DAHLIA KEBUN SAYUR. NO 25. RT 013, RW 002. KELURAHAN MAWAR, KECAMATAN BANJARMASIN TENGAH, KOTA BANJARMASIN, KALIMANTAN SELATA\r\n', '085336221199', 40, '2016-08-15 20:27:55', '2022-03-21 15:45:51', 'AKTIF'),
(72, 'MARUTO', 'DA0440', 'DISTRIBUTOR', 'SUNGAI BILU,BANAJRMASIN,BANJARMASIN\r\n', '0811510236', 45, '2016-08-31 19:48:47', '2022-03-21 15:25:11', 'AKTIF'),
(73, 'ASPUL ANWAR', 'DA0442', 'DISTRIBUTOR', 'JL.LAMBUNG MANGKURAT.NO.7\nKELURAHAN KERTAK BARU ILIR\nKEC.BANJAR TENGAH\nKODYA.BANJARMASIN.70111', '081348276563', 38, '2016-08-29 00:00:00', '2022-03-21 15:40:53', 'AKTIF'),
(74, 'SYAMSUL BAHRIE', 'DA0443', 'DISTRIBUTOR', 'SUNGAI BARU,BANJARMASIN TENGAH,BANJARMASIN\r\n', '081251121261', 38, '2016-09-01 22:44:24', '2022-03-21 15:25:11', 'AKTIF'),
(75, 'LATIFAH ELZA AISHA', 'DA0444', 'DISTRIBUTOR', 'RANGDA NO. 31 KELAS. RANGDA MALINGKUNG KEC. TAPIN UTARA KAB. TAPIN\r\n', '0811517342', 73, '2016-08-20 00:00:00', '2022-03-21 15:40:53', 'AKTIF'),
(76, 'TCT (LATIFAH ELZA AISHA)', 'DA0444A', 'DISTRIBUTOR', 'TAPIN UTARA,RANTAU\r\n', '0811517342', 103, '2016-08-20 00:00:00', '2022-03-21 15:25:11', 'AKTIF'),
(77, 'ACHMAD SUHANTO ', 'DA0445', 'DISTRIBUTOR', 'JLN RAYA ARJUNA NO. 5 RT 22 BUMI PEMURUS PERMAI BANJARMASIN', '0811512405', 46, '2016-08-15 00:00:00', '2022-03-21 15:40:53', 'AKTIF'),
(78, 'AHYADI USMAN ', 'DA0447', 'DISTRIBUTOR', 'KELAYAN TIMUR,BANJARMASIN SELATAN,BANJARMASIN', '0811501269', 40, '2016-08-16 00:00:00', '2022-03-21 15:25:11', 'AKTIF'),
(79, 'YAPET ARIE MASKA FASENGA', 'DA0448', 'DISTRIBUTOR', 'TANJUNG,KELURAHAN BELIMBING,KECAMATAN TABALONG', '085743114369', 205, '2016-08-16 00:00:00', '2022-03-21 15:25:11', 'AKTIF'),
(80, 'YUSTIN TANIA ', 'DA0449', 'DISTRIBUTOR', 'TANJUNG,KELURAHAN MABUUN,KECAMATAN TABALONG', '085390992300', 199, '2016-08-16 00:00:00', '2022-03-21 15:25:11', 'AKTIF'),
(81, 'AGUS SAPUTRA', 'DA0452', 'DISTRIBUTOR', 'JALAN GATOT SUBROTO RT 34 KELURAHAN KURIPAN KEC BANJARMASIN TIMUR', '085348629888', 44, '2016-10-11 00:00:00', '2022-03-21 15:40:53', 'AKTIF'),
(82, 'NOORPIDAH', 'DA0454', 'DISTRIBUTOR', 'JL.ANANG MANGSUR PERUMAHAN BATU PIRING BLOK B RT5 NO 54 DEPAN GG AMANAH KEL.BATUPIRING.KEC.PARSEL KAB.BALANGAN 71618', '085248844820', 165, '2016-08-15 00:00:00', '2022-03-21 15:45:51', 'AKTIF'),
(83, 'SYAHRIDA ', 'DA0455', 'DISTRIBUTOR', 'PARINGIN KOTA,BALANGAN,PARINGIN\r\n', '082254221205', 179, '2016-08-20 22:42:39', '2022-03-21 15:25:11', 'AKTIF'),
(84, 'M BASUNI', 'DA0463', 'DISTRIBUTOR', 'KOMPLEK BALITTRA JAYA PERMAI\nJL. AMSTERDAM BLOK S NO. 06\nRT. 001 RW. 008 LOKTABAT UTARA\r\n', '085350524300', 11, '2016-10-25 00:00:00', '2022-03-21 15:40:53', 'AKTIF'),
(85, 'NORMAWATI', 'DA0466', 'DISTRIBUTOR', 'KAYU BAWANG,GAMBUT\r\n', '082158380727', 20, '2016-10-25 20:14:54', '2022-03-21 15:25:11', 'AKTIF'),
(86, 'SIRAJUDDIN HABIBI', 'DA0517', 'DISTRIBUTOR', 'TELAWANG ,BANJARMASIN BARAT,BANJARMASIN\r\n', '081932993000', 40, '2016-11-03 20:36:39', '2022-03-21 15:25:11', 'AKTIF'),
(87, 'ISROK ANTARIKSO', 'DA0518', 'DISTRIBUTOR', 'JALAN PELDA BUNAWAR NO. 74 RT.04 RW.01 KEC. BINUANG KAB. TAPIN KAL. SEL 71183\r\n\r\n', '08115113880', 66, '2016-11-20 00:00:00', '2022-03-21 15:45:51', 'AKTIF'),
(88, 'SAKDUDIN', 'DA0519', 'DISTRIBUTOR', 'ALALAK UTARA,BANJARMASIN UTARA,BANJARMASIN UTARA\r\n', '081283302183', 38, '2016-11-30 20:31:03', '2022-03-21 15:25:11', 'AKTIF'),
(89, 'MUHAMMAD ADNAN', 'DA0521', 'DISTRIBUTOR', 'JL.AHMAD YANI KM 292 DESA TEGALREJO RT.12 RW 3 KEC.KELUMPANG HILIR ( SERONGGA )KAB KOTABARU\r\n', '081349713382', 283, '2017-03-01 00:00:00', '2022-03-21 15:40:53', 'AKTIF'),
(90, 'REVINA REZKI', 'DA0522', 'DISTRIBUTOR', 'KOMPLEK ANTALUDIN NO 2 RT. 22..KELURAHAN KUIN SELATAN, KECAMATAN BANJARMASIN BARAT\r\n', '082147012345', 44, '2016-12-09 20:24:43', '2022-03-21 15:45:51', 'AKTIF'),
(91, 'ANDI SULAIMAN', 'DA0523', 'DISTRIBUTOR', 'TOKO.AL FURQAN MART.\nJL. BUMI MAS RAYA A.YANI KM 4,5 . RT 06 RW 01 NO 15. KELURAHAN PEMURUS BARU. \nBANJARMASIN', '081351818656', 41, '2016-12-02 00:00:00', '2022-03-21 15:45:51', 'AKTIF'),
(92, 'SUGENG ', 'DA0524', 'DISTRIBUTOR', 'GUNTUNG PAIKAT,BANJARBARU SELATAN,BANJARBARU\r\n', '081251282070', 12, '2016-12-10 22:26:07', '2022-03-21 15:25:11', 'AKTIF'),
(93, 'SURAJI', 'DA0525', 'DISTRIBUTOR', 'JL. SUKAMARA KOMPLEK ASMI 2 BLOK L NO 9 KEL. LANDASAN ULIN UTARA KEC. LIANG ANGGANG\r\n', '087814235064', 17, '2016-11-11 22:37:28', '2022-03-21 15:45:51', 'AKTIF'),
(94, 'ACHMADI', 'DA0526', 'DISTRIBUTOR', 'TANJUNG KELURAHAN MABUUN,KECAMATAN TABALONG', '085391700055', 205, '2017-02-09 00:00:00', '2022-03-21 15:25:11', 'AKTIF'),
(95, 'ABDUL RAHMAN', 'DA0527', 'DISTRIBUTOR', 'KELURAHAN PADINGIN TANJUNG,KECAMATAN TABALONG', '082153600484', 198, '2017-01-24 00:00:00', '2022-03-21 15:25:11', 'AKTIF'),
(96, 'PARJI', 'DA0528', 'DISTRIBUTOR', 'GUNTUNG PAIKAT,BANJARBARU SELATAN,BANJARBARU\r\n', '081348073979', 14, '2016-11-03 20:20:27', '2022-03-21 15:25:11', 'AKTIF'),
(97, 'TAFSIR', 'DA0529', 'DISTRIBUTOR', 'MENTAOS,BANJARBARU UTARA,GUNTUNG PAIKAT,\r\n', '085246355388', 10, '2016-11-15 22:46:15', '2022-03-21 15:25:11', 'AKTIF'),
(98, 'IMRAN HADIMI', 'DA0530', 'SUB DISTRIBUTOR', 'SUNGAI PARING MARTAPURA', '082236572891', 16, '2016-08-20 00:00:00', '2022-04-08 02:51:33', 'NON AKTIF'),
(99, 'SRIARIYANI', 'DA0541', 'DISTRIBUTOR', 'MARABAHAN KOTA,BAKUMPAI,MARABAHAN\r\n', '082158032328', 87, '2016-04-06 22:21:23', '2022-03-21 15:25:11', 'AKTIF'),
(100, 'AMIN HIDAYAT', 'DA0562', 'DISTRIBUTOR', 'KOMPLEK CITRA PERMATA B/42\nRT 43\nDESA SEMANGAT DALAM\nKEC ALALAK \nBATOLA', '081275364545', 52, '2017-06-08 00:00:00', '2022-03-21 15:40:53', 'AKTIF'),
(101, 'HELMI', 'DA0563', 'DISTRIBUTOR', 'KEBUN SARI,AMUNTAI,AMUNTAI\r\n', '081289703264', 172, '2017-06-14 00:00:00', '2022-03-21 15:25:11', 'AKTIF'),
(102, 'YUSTINA', 'DA0566', 'DISTRIBUTOR', 'KEBUN BUNGA,BANJARMASIN TIMUR,BANJARMASIN\r\n', '082154938977', 33, '2017-06-14 22:54:39', '2022-03-21 15:25:11', 'AKTIF'),
(103, 'INDRIATI', 'DA0567', 'DISTRIBUTOR', 'BANGKAL,CEMPAKA,BANJARBARU\r\n', '082354187241', 5, '2017-06-20 00:00:00', '2022-03-21 15:25:11', 'AKTIF'),
(104, 'PPA (INDRIATI)', 'DA0567A', 'DISTRIBUTOR', 'BANGKAL,CEMPAKA,BANJARBARU\r\n', '082354187241', 220, '2017-06-20 00:00:00', '2022-03-21 15:25:11', 'AKTIF'),
(105, 'MASITAH', 'DA0570', 'DISTRIBUTOR', 'JL. DANAU MARE 3, KOMPLEK INTAN KURUNG NO. 42 KEL. BUKIT TUNGGAL, KEC JEKAN RAYA, KOTA PALANGKARAYA\r\n', '081352806567', 250, '2017-07-24 19:50:26', '2022-03-21 15:45:51', 'AKTIF'),
(106, 'RADEN MUHAMMAD ZEIN CAESARICHO', 'DA0571', 'DISTRIBUTOR', 'LANDASAN ULIN BARAT,LIANG ANGGANG,BANJARBARU\r\n', '081351401616', 20, '2017-07-28 20:22:33', '2022-03-21 15:25:11', 'AKTIF'),
(107, 'MIFTAHUL JANNAH', 'DA0572', 'DISTRIBUTOR', 'JL PULAU LAUT NO 74 KELURAHAN ANTASAN BESAR KECAMATAN BANJARMASIN TENGAH KOTA BANJARMASIN\r\n', '087816620303', 40, '2017-07-31 19:52:29', '2022-03-21 15:40:53', 'AKTIF'),
(108, 'KHAIRUNNISA', 'DA0575', 'DISTRIBUTOR', 'KOMPLEK SIT QURRATA A\'YUN, JL. A.YANI DESA PARINCAHAN KEL. KANDANGAN BARAT KEC. KANDANGAN KAB. HSS\r\n', '085248193617', 111, '2017-08-24 00:00:00', '2022-03-21 15:45:51', 'AKTIF'),
(109, 'MARTUNI', 'DA0576', 'DISTRIBUTOR', 'SURGI MUFTI,BANJARMASIN UTARA,BANJARMASIN BARAT\r\n', '085952473436', 40, '2017-08-24 19:47:35', '2022-03-21 15:25:11', 'AKTIF'),
(110, 'MIZAN ARWANI', 'DA0577', 'DISTRIBUTOR', 'LOKTABAT SELATAN,BANJARBARU SELATAN,BANJARBARU\r\n', '08116053609', 9, '2017-08-26 19:56:22', '2022-03-21 15:25:11', 'AKTIF'),
(111, 'GUNAWAN WIBISONO', 'DA0592', 'DISTRIBUTOR', 'KURIPAN,BANJARMASIN TIMUR,BANJARMASIN', '08116135385', 44, '2017-08-31 00:00:00', '2022-03-21 15:25:11', 'AKTIF'),
(112, 'ARYA', 'DA0593', 'DISTRIBUTOR', 'RANTAU KIWA,TAPIN UTARA,BANJARMASIN BARAT', '08116135384', 89, '2017-09-07 00:00:00', '2022-03-21 15:25:11', 'AKTIF'),
(113, 'HAIRULLAH', 'DA0594', 'DISTRIBUTOR', 'PEKAPURAN LAUT,BANJARMASIN TENGAH,BANJARMASIN', '087816463837', 37, '2017-09-19 00:00:00', '2022-03-21 15:25:11', 'AKTIF'),
(114, 'SOFYAN', 'DA0595', 'DISTRIBUTOR', 'TELUK TIRAM,BANJARMASIN BARAT,BANJARMASIN\r\n', '081286219785', 40, '2017-09-19 22:20:25', '2022-03-21 15:25:11', 'AKTIF'),
(115, 'SALASIAH', 'DA0596', 'DISTRIBUTOR', 'BANYU IRANG\r\n', '085248408280', 9, '2017-10-02 20:32:57', '2022-03-21 15:25:11', 'AKTIF'),
(116, 'MAHDIAH', 'DA0618', 'DISTRIBUTOR', 'KAMPUNG MELAYU,BANJARMASIN TENGAH,BANJARMASIN\r\n\r\n', '085249168047', 37, '2017-10-27 19:46:16', '2022-03-21 15:25:11', 'AKTIF'),
(117, 'HARTINI', 'DA0619', 'DISTRIBUTOR', 'JL MARTAPURA LAMA KM 7,2 KOMPLEK GRAHA SEJAHTERA BLOK GRAHA 1 NO B10\r\n\r\n', '085248003518', 37, '2017-10-25 00:00:00', '2022-03-21 15:45:51', 'AKTIF'),
(118, 'M ROSDIYANTO', 'DA0620', 'DISTRIBUTOR', 'SEI ANDAI\r\n', '081288193177', 41, '2017-10-27 00:00:00', '2022-03-21 15:25:11', 'AKTIF'),
(119, 'RIFAATUL MAHMUDAH', 'DA0623', 'DISTRIBUTOR', 'TELUK DALAM,BANJARMASIN TENGAH,BANJARMASIN\r\n', '081346222191', 44, '2017-10-31 20:26:49', '2022-03-21 15:25:11', 'AKTIF'),
(120, 'EDI PURWANTO', 'DA0625', 'DISTRIBUTOR', 'PALANGKA', '081349265310', 231, '2017-11-17 00:00:00', '2022-03-21 15:25:11', 'AKTIF'),
(121, 'ARIAN LUTHFI', 'DA0626', 'DISTRIBUTOR', 'SUNGAI ANDAI,BANJARMASIN UTARA', '08115729199', 41, '2017-11-20 00:00:00', '2022-03-21 15:25:11', 'AKTIF'),
(122, 'AGUSTINA', 'DA0627', 'DISTRIBUTOR', 'JLN GERILYA KOMPLK GRAHA MAHATAMA BLOK TAMAN MAHATAMA RT 25 NO 92', '081296070555', 36, '2017-11-20 00:00:00', '2022-03-21 15:45:51', 'AKTIF'),
(123, 'SARINAH', 'DA0649', 'DISTRIBUTOR', 'JL. AHMAD YANI NO.68, TAMIANG LAYANG, DUSUN TIM., KABUPATEN BARITO TIMUR, KALIMANTAN TENGAH 73671\r\n', '081348030431', 221, '2017-12-15 20:33:34', '2022-03-21 15:40:53', 'AKTIF'),
(124, 'IDA DRIASTUTI', 'DA0650', 'DISTRIBUTOR', 'SIMPANG 4 SEI BARU\r\n', '085101547046', 83, '2017-12-19 00:00:00', '2022-03-21 15:25:11', 'AKTIF'),
(125, 'ZAINUL ALFATIK', 'DA0654', 'DISTRIBUTOR', 'KOMPLEK PURNA SAKTI NO. 09 RT 030 RW 002 KEL. BASIRIH KEC BANJARMASIN BARAT 70245\r\n', '	085283687272', 43, '2017-12-21 22:55:54', '2022-03-21 15:40:53', 'AKTIF'),
(126, 'MUJAYANAH', 'DA0656', 'DISTRIBUTOR', 'MENTAOS BANJARBARU\r\n', '082154239672', 11, '2018-01-10 20:03:18', '2022-03-21 15:25:11', 'AKTIF'),
(127, 'ABDUL HAMID', 'DA0661', 'DISTRIBUTOR', 'KOMPLEK PERUMAHAN FADILLAH 1 \nJALAN TEMBIKAR KANAN DESA SIMPANG EMPAT KECAMATAN KERTAK HANYAR', '081350548118', 37, '2018-01-08 00:00:00', '2022-03-21 15:40:53', 'AKTIF'),
(128, 'SUHANDOYO', 'DA0663', 'DISTRIBUTOR', 'KOMP PERMATA JINGGA JALAN BIDURI NO 2 TR 7A RW. 002 KEL.  KARANG TARUNA KEC.  PELAIHARI KAB TANAH LAUT', '081251711911', 50, '2018-01-11 22:26:41', '2022-03-21 15:45:51', 'AKTIF'),
(129, 'GUSTI ROSYADI ELMI', 'DA0671', 'DISTRIBUTOR', 'JALAN PENAS TANI 4.RT 1 RW 1DESA ALUAN BESAR KECAMATAN BATU BENAWA KABUPATEN HULU SUNGAI TENGAH', '081329361839', 147, '2018-01-25 00:00:00', '2022-03-21 15:40:53', 'AKTIF'),
(130, 'DARSANI', 'DA0675', 'DISTRIBUTOR', 'JL. MAJAKELING GG. SYARIF HUSIN NO.23 RT. 16 RW. 5 KEL. PELAIHARI KEC. PELAIHARI KAB. TANAH LAUT', '085751111282', 53, '2018-01-31 00:00:00', '2022-03-21 15:40:53', 'AKTIF'),
(131, 'ALYA', 'DA0676', 'DISTRIBUTOR', 'PALAM', '082153239970', 3, '2018-01-31 00:00:00', '2022-03-21 15:25:11', 'AKTIF'),
(132, 'SUPIAN', 'DA0686', 'DISTRIBUTOR', 'PALAM\r\n', '085332620412', 2, '2018-02-23 22:27:04', '2022-03-21 15:25:11', 'AKTIF'),
(133, 'ALVARO', 'DA0687', 'DISTRIBUTOR', 'GUNTUNG PAYUNG', '081351844656', 9, '2018-02-14 00:00:00', '2022-03-21 15:25:11', 'AKTIF'),
(134, 'ISNANIAH', 'DA0688', 'DISTRIBUTOR', 'JL. KOPI SELATAN GG. SALAK NO. 60 KETAPANG, SAMPIT', '081352744745', 458, '2018-02-27 00:00:00', '2022-03-21 15:40:53', 'AKTIF'),
(135, 'ACHMAD SAJARWAN', 'DA0689', 'DISTRIBUTOR', 'JL.  MAHAKAM NO. 2 RT.  021. RW. 003 KEL.  SELAT TENGAH KEC. SELAT. KABUPATEN KAPUAS.  KALIMANTAN TENGAH', '081349617896', 98, '2018-02-27 00:00:00', '2022-03-21 15:45:51', 'AKTIF'),
(136, 'AZIZ', 'DA0695', 'DISTRIBUTOR', 'SEI TABUK', '082152912639', 36, '2018-03-19 00:00:00', '2022-03-21 15:25:11', 'AKTIF'),
(137, 'FAHRURAZI', 'DA0707', 'DISTRIBUTOR', 'SEI MIAI,BANJARMASIN', '082110009191', 43, '2018-04-16 00:00:00', '2022-03-21 15:25:11', 'AKTIF'),
(138, 'BUDI HANDOKO', 'DA0708', 'DISTRIBUTOR', 'TOKO AMANAH JL. H. IMBRAN KETAPANG, SAMPIT (PABRIK)', '081349127654', 456, '2018-04-16 00:00:00', '2022-03-21 15:40:53', 'AKTIF'),
(139, 'MARZUKI', 'DA0712', 'DISTRIBUTOR', 'JL. INTAN EX THR RT 41 KEL.TELAGA BIRU. KEC BANJAR BARAT BJM KOTA\r\n', '081348406718', 42, '2018-04-23 23:00:11', '2022-03-21 15:45:51', 'AKTIF'),
(140, 'M HASBI RIDHANI', 'DA0713', 'DISTRIBUTOR', 'BENUA BINJAI,BARABAI\r\n', '08125128744', 145, '2018-04-23 00:00:00', '2022-03-21 15:25:11', 'AKTIF'),
(141, 'NOORMALA', 'DA0714', 'DISTRIBUTOR', 'GUDANG HIRANG,BANJARMASIN\r\n', '	085332195822', 37, '2018-04-25 20:12:57', '2022-03-21 15:25:11', 'AKTIF'),
(142, 'M FAUZAN', 'DA0715', 'DISTRIBUTOR', 'JL. ADHYAKSA 3 RT 27 NO. 74 BUNDARAN KAYUTANGI BANJARMASIN 70123\r\n', '081349690721', 44, '2018-04-25 00:00:00', '2022-03-21 15:40:53', 'AKTIF'),
(143, 'HARDIANSYAH', 'DA0721', 'SUB DISTRIBUTOR', 'KELAYAN TENGAH\r\n', '085210997212', 38, '2018-05-12 23:03:02', '2022-03-21 15:25:11', 'AKTIF'),
(144, 'ELLYA NOOR', 'DA0732', 'DISTRIBUTOR', 'JALAN HIKMAH BANUA SIMPANG LIMAU RT 27 RW 2 NO. 23 DEKAT SMP 16', '085950077600', 36, '2018-05-21 00:00:00', '2022-03-21 15:45:51', 'AKTIF'),
(145, 'NOR AWALIA', 'DA0733', 'DISTRIBUTOR', 'JL. TRANS KALIMANTAN, TOKO MINA ADIBAH BUNDARAN BESAR, SAMPING TAMAN ASKARI, SEBERANG WONG SOLO, RT. 02 RW. 01 KEL. SELAT UTARA KEC. SELAT KAB. KAPUAS, KAL-TENG KODEPOS 73515\r\n', '08125106669', 98, '2018-05-22 20:13:49', '2022-03-21 15:45:51', 'AKTIF'),
(146, 'IPAN NOPIANTO', 'DA0739', 'DISTRIBUTOR', 'JL. JAYA WIJAYA 7 NO. 12 BAAMANG TENGAH, SAMPIT (PABRIK)', '082157424345', 490, '2018-06-07 23:04:48', '2022-03-21 15:40:53', 'AKTIF'),
(147, 'ELYAS', 'DA0742', 'DISTRIBUTOR', 'JL.G.OBOS XXVII BLOK B NO 2', '082153941585', 231, '2018-06-23 00:00:00', '2022-03-21 15:45:51', 'AKTIF'),
(148, 'NOOR FADHILLAH', 'DA0745', 'DISTRIBUTOR', 'GAYUR,AMUNTAI\r\n', '081348105408', 163, '2018-06-29 20:11:04', '2022-03-21 15:25:11', 'AKTIF'),
(149, 'NOORLAILA ZAKIAH', 'DA0746', 'DISTRIBUTOR', 'SEI TURAK,AMUNTAI\r\n', '085248023580', 175, '2018-06-29 20:11:50', '2022-03-21 15:25:11', 'AKTIF'),
(150, 'MUJAHIDIN', 'DA0754', 'DISTRIBUTOR', 'DISTRO SUNGAI BILU\nJALAN KERAMAT RAYA RT.8 NO.59 KELURAHAN SUNGAI BILU KOTA BANJARMASIN', '085248142255', 192, '2018-07-06 20:02:19', '2022-03-21 15:45:51', 'AKTIF'),
(151, 'NUR SYARIAH', 'DA0766', 'DISTRIBUTOR', 'SAMARINDA\r\n', '081350256665', 586, '2018-07-13 20:15:52', '2022-03-21 15:45:51', 'AKTIF'),
(152, 'KATIMAN', 'DA0767', 'DISTRIBUTOR', 'BAROKAH,BATU LICIN\r\n', '081224665963', 209, '2018-07-26 00:00:00', '2022-03-21 15:25:11', 'AKTIF'),
(153, 'ANDI SUWARDHANI PUTRA (SRIARIYANI A)', 'DA0768', 'SUB DISTRIBUTOR', 'PENGHULU\r\n', '082158032328', 86, '2018-07-23 23:06:26', '2022-03-21 15:25:11', 'AKTIF'),
(154, 'NOR AYDAWATI (SRIARYANI B)', 'DA0769', 'SUB DISTRIBUTOR', 'BALIUK\r\n', '082158032328', 85, '2018-07-23 23:07:44', '2022-03-21 15:25:11', 'AKTIF'),
(155, 'RAHMI (SRIARYANI C)', 'DA0770', 'SUB DISTRIBUTOR', 'BAGUS\r\n', '082158032328', 84, '2018-07-23 23:09:30', '2022-03-21 15:25:11', 'AKTIF'),
(156, 'MASTAWIAH (SRIARYANI D)', 'DA0771', 'SUB DISTRIBUTOR', 'ULU BENTENG\r\n', '082158032328', 92, '2018-07-23 23:10:11', '2022-03-21 15:25:11', 'AKTIF'),
(157, 'ANDI AGUNG N', 'DA0773', 'SUB DISTRIBUTOR', 'SEI ULIN\r\n', '082148257307', 18, '2018-08-06 23:10:52', '2022-03-21 15:25:11', 'AKTIF'),
(158, 'AGUS YULIANTO', 'DA0780', 'DISTRIBUTOR', 'KM 25,,,JLN GARUDA ,KAMPUNG KARANG JAWA RT 06,RW 06,NO 08..LANDASAN ULIN TIMUR.', '08115022064', 10, '2019-02-28 00:00:00', '2022-03-21 15:40:53', 'AKTIF'),
(159, 'SUPIANOR', 'DA0782', 'DISTRIBUTOR', 'JL ANGGREK 2 DALAM RT 5 NO 47 PEMBATAAN KEC MURUNG PUDAK KAB TABALONG', '08125102308', 204, '2018-09-08 22:27:59', '2022-03-21 15:40:53', 'AKTIF'),
(160, 'DWI LURI PRIONO', 'DA0784', 'SUB DISTRIBUTOR', 'RANGDA MALINGKUNG\r\n', '082154303060', 88, '2018-09-13 23:13:06', '2022-03-21 15:25:11', 'AKTIF'),
(161, 'RASYIDAH', 'DA0792', 'DISTRIBUTOR', 'JALAN AHMAD YANI KM 8,200 MANARAP TENGAH KOMPLEK BUMI MANARAP PERMAI\r\n', '085389105369', 33, '2018-09-29 20:23:20', '2022-03-21 15:45:51', 'AKTIF'),
(162, 'MILKAH', 'DA0796', 'DISTRIBUTOR', 'SEI DANAU\r\n', '081223455229', 155, '2018-10-13 19:53:50', '2022-03-21 15:25:11', 'AKTIF'),
(163, 'M HARRY SAPUTRA F', 'DA0803', 'DISTRIBUTOR', 'MANARAP TENGAH\r\n', '0817611990', 33, '2018-11-09 00:00:00', '2022-03-21 15:25:11', 'AKTIF'),
(164, 'SYAIFUL ANAM', 'DA0804', 'DISTRIBUTOR', 'HAMALAU\r\n', '087731440998	', 112, '2018-11-12 22:43:24', '2022-03-21 15:25:11', 'AKTIF'),
(165, 'SABILAL MUHTADIN', 'DA0810', 'DISTRIBUTOR', 'BANJARMASIN\r\n', '081349085184', 40, '2018-10-08 20:29:58', '2022-03-21 15:25:11', 'AKTIF'),
(166, 'YULIANI', 'DA0815', 'SUB DISTRIBUTOR', 'SURGI MUFTI\r\n', '08115048003', 50, '2019-02-16 22:52:44', '2022-03-21 15:25:11', 'AKTIF'),
(167, 'KASPUL ANWAR', 'DA0823', 'DISTRIBUTOR', 'KOTABARU\r\n', '081349018883', 299, '2019-01-30 00:00:00', '2022-03-21 15:25:11', 'AKTIF'),
(168, 'HADIANOR', 'DA0824', 'DISTRIBUTOR', 'JL. AMPAH BUNTOK RT. 40 URUP KEL. AMPAH KOTA KEC. DUSUN TENGAH KAB. BARITO TIMUR PROV. KALIMANTA TENGAH', '085248850784', 265, '2019-02-04 00:00:00', '2022-03-21 15:45:51', 'AKTIF'),
(169, 'SUCI AYUNINGTYAS', 'DA0831', 'DISTRIBUTOR', 'PERUM PESONA MODERN JLN ALAM 6 U.15 JL A. YANI KM 11,2 KERTAKHANYAR BANJAR.', '081298292474', 29, '2019-02-28 22:22:10', '2022-03-21 15:40:53', 'AKTIF'),
(170, 'NUR ISRARIAH', 'DA0832', 'DISTRIBUTOR', 'JL LINGKAR DLM SELATAN TATAH BELAYUNG RT 46', '081385598988', 41, '2019-03-05 23:13:59', '2022-03-21 15:45:51', 'AKTIF'),
(171, 'FEBRIARNO', 'DA0834', 'SUB DISTRIBUTOR', 'JL. MENTENG NO. 38 SAWAHAN, SAMPIT (PABRIK)', '081348972136', 453, '2019-03-13 23:15:33', '2022-03-21 15:40:53', 'AKTIF'),
(172, 'KHAIRUNNISA ', 'DA0837', 'SUB DISTRIBUTOR', 'PARINGIN SELATAN\r\n', '081253926925', 181, '2019-03-19 23:17:23', '2022-03-21 15:25:11', 'AKTIF'),
(173, 'M MUJAHID', 'DA0860', 'SUB DISTRIBUTOR', 'KERAMAT RAYA BANJARMSIN\r\n', '081349374968', 37, '2019-06-17 23:18:10', '2022-03-21 15:25:11', 'AKTIF'),
(174, 'MAHDANI', 'DA0872', 'DISTRIBUTOR', 'KOMP. BUMI HANDAYANI 12A KM. 4.5, JL. BUMI MAS RAYA, PEMURUS BARU, KEC. BANJARMASIN SEL., KOTA BANJARMASIN, KALIMANTAN SELATAN 70249\n/UKHUWAH GEDUNG BARU SAMPING GOR.\r\n', '08998945518', 42, '2019-07-27 00:00:00', '2022-03-21 15:45:51', 'AKTIF'),
(175, 'SYAFRUDIN', 'DA0873', 'DISTRIBUTOR', 'MARTAPURA\r\n', '082357303977', 18, '2019-07-27 22:40:32', '2022-03-21 15:25:11', 'AKTIF'),
(176, 'AMIR SIDIK', 'DA0882', 'SUB DISTRIBUTOR', 'JL. KOPI 58 MB. HILIR, SAMPIT (PABRIK)\r\n', '08124451879', 490, '2019-08-16 23:19:12', '2022-03-21 15:40:53', 'AKTIF'),
(177, 'JUMINAH', 'DA0889', 'SUB DISTRIBUTOR', 'TOKO AMANAH JL. H. IMBRAN KETAPANG, SAMPIT (PABRIK)\r\n', '082157014659', 457, '2019-09-14 23:22:30', '2022-03-21 15:40:53', 'AKTIF'),
(178, 'M TAHIR', 'DA0893', 'DISTRIBUTOR', 'JL. PADAT KARYA, RT.19/RW.06, LANJAS, KEC. TEWEH TENGAH, KABUPATEN BARITO UTARA, KALIMANTAN TENGAH 73814', '082153090555', 392, '2019-09-16 00:00:00', '2022-03-21 15:40:53', 'AKTIF'),
(179, 'SUPIANI', 'DA0898', 'DISTRIBUTOR', 'JL.A.YANI KM.15,500 SAMPING SHOW ROOM WULING MTR RT 24/RW 008 KEL.GAMBUT KEC.GAMBUT BANJAR', '085252823271', 22, '2019-10-09 00:00:00', '2022-03-21 15:40:53', 'AKTIF'),
(180, 'SARMAN MISERAN', 'DA0902', 'DISTRIBUTOR', 'JALAN AMD. KOMPLEK PERMATA REGENCY BLOK C JALAN KECUBUNG 9 RT.49 RW 003 KELURAHAN PEMURUS DALAM KECAMATAN BANJARMASIN SELATAN', '085753034383', 35, '2019-10-24 23:23:13', '2022-03-21 15:45:51', 'AKTIF'),
(181, 'NURAIDA', 'DA0913', 'DISTRIBUTOR', 'JALAN RTA MILONO KM 6,5 MASUK MARINA PERMAI PERMAI II NO 45 RT. 03/15 KELURAHAN LANGKAI , KECAMATAN PAHANDUT, KOTA PALANGKARAYA', '08125152065', 260, '2019-11-07 00:00:00', '2022-03-21 15:45:51', 'AKTIF'),
(182, 'RUSMANSYAH', 'DA0914', 'SUB DISTRIBUTOR', 'GROGOT,KALTENG', '085348467617', 412, '2020-11-11 00:00:00', '2022-03-21 15:25:11', 'AKTIF'),
(183, 'FUJI RAHMADI', 'DA0919', 'SUB DISTRIBUTOR', 'JL. MENTENG NO. 61 SAWAHAN, SAMPIT (PABRIK)', '081349054737', 569, '2019-12-04 00:00:00', '2022-03-21 15:40:53', 'AKTIF'),
(184, 'M ABRORY TADJIB', 'DA0920', 'DISTRIBUTOR', 'LANDASAN ULIN UTARA', '085248727595', 14, '2020-08-29 00:00:00', '2022-03-21 15:25:11', 'AKTIF'),
(185, 'AMRULLAH', 'DA0928', 'DISTRIBUTOR', 'MASJID AR RAHMAH\nKOMP DHARMA BAKTI LESTARI I SUNGAI ANDAI', '082254069111', 41, '2020-01-02 00:00:00', '2022-03-21 15:45:51', 'AKTIF'),
(186, 'PAIDI', 'DA0929', 'DISTRIBUTOR', 'PELAIHARI', '082154172374', 53, '2020-01-02 00:00:00', '2022-03-21 15:25:11', 'AKTIF'),
(187, 'HENNY R S', 'DA0932', 'SUB DISTRIBUTOR', 'ATU ATU,PELAIHARI', '081347731880', 48, '2020-01-08 00:00:00', '2022-03-21 15:25:11', 'AKTIF'),
(188, 'HERMANSYAH', 'DA0942', 'SUB DISTRIBUTOR', 'JL. METRO TV GG. BUMI DAYA 3 JALUR 3 NO.44 KETAPANG, SAMPIT', '081351630428', 569, '2020-02-10 00:00:00', '2022-03-21 15:40:53', 'AKTIF'),
(189, 'YAYASAN IHSANUL AMAL', 'DA0944', 'SUB DISTRIBUTOR', 'AMUNTAI', '081336218898', 150, '2020-02-19 00:00:00', '2022-03-21 15:25:11', 'AKTIF'),
(190, 'WIRAWAN', 'DA0951', 'DISTRIBUTOR', 'JL. TINGANG MENTENG (DEKAT PELINDO) KELURAHAN PULANG PISAU, KEC. KAHAYAN HILIR, KAB. PULANG PISAU', '081253347695', 136, '2020-03-19 00:00:00', '2022-03-21 15:40:53', 'AKTIF'),
(191, 'WAHYU SULISTYO', 'DA0952', 'DISTRIBUTOR', 'JL. SOERATNO NO. 14 B, RT 06 RW 02, KEL. GUNTUNG PAYUNG, KEC. LANDASAN ULIN, BANJARBARU 70721', '081251273737', 7, '2020-03-20 00:00:00', '2022-03-21 15:40:53', 'AKTIF'),
(192, 'DIAH SAWITRI', 'DA0958', 'SUB DISTRIBUTOR', 'KEMUNING', '081257342760', 10, '1899-12-30 00:00:00', '2022-03-21 15:25:11', 'AKTIF'),
(193, 'SANDY KIRANA', 'DA0959', 'DISTRIBUTOR', 'JL ANGGREK 3 NO 2 RT 005 RW 006 KECAMATAN PAHANDUT, KELURAHAN LANGKAI, PALANGKARAYA 73111', '085213838382', 227, '2020-04-15 00:00:00', '2022-03-21 15:45:51', 'AKTIF'),
(194, 'ARIF AULIA RAHMAN', 'DA0966', 'DISTRIBUTOR', 'DESA LINGSIR, PARINGIN SELATAN', '082233175131', 170, '2020-05-16 00:00:00', '2022-03-21 15:25:11', 'AKTIF'),
(195, 'MUHAMMAD MABRUR', 'DA0993', 'DISTRIBUTOR', 'TOKO KEBAB AL-FATIH / PENCUCIAN MOBIL BENU CARWASH. (SEBRANG DISTRO HOOPS ATAU MINI MARKET AZ-ZAHRA)', '087814012112', 14, '2020-06-12 00:00:00', '2022-03-21 15:40:53', 'AKTIF'),
(196, 'SUPRIYADI', 'DA1003', 'DISTRIBUTOR', 'JL. KENARI V RT. 5 NO 624 PERUMNAS PULOTELO,SELAT BARAT, KAPUAS KALTENG', '085248094110', 102, '2020-08-24 00:00:00', '2022-03-21 15:45:51', 'AKTIF'),
(197, 'MUHAMMAD TAUFIK', 'DA1004', 'DISTRIBUTOR', 'BATU LICIN', '0811505035', 245, '2020-06-25 00:00:00', '2022-03-21 15:25:11', 'AKTIF'),
(198, 'ARY YATNO', 'DA1011', 'DISTRIBUTOR', 'KOMPLEK GRIYA ULIN PERMAI JLN WALET / BLOK V NO 5 LANDASAN ULIN TIMUR', '08125192995', 15, '2020-06-29 00:00:00', '2022-03-21 15:40:53', 'AKTIF'),
(199, 'BANGKIT GINANTORO', 'DA1024', 'SUB DISTRIBUTOR', 'SYAMSUDIN NOOR, LANDASAN ULIN', '081349702258', 17, '2020-07-08 00:00:00', '2022-03-21 15:25:11', 'AKTIF'),
(200, 'NOOR ASIAH', 'DA1056', 'DISTRIBUTOR', 'JL. A. YANI NO 70. RT/ RW 001/001 KEL. PELAIHARI KEC PELAIHARI KAB. TANAH LAUT', '082251313357', 51, '2020-08-13 11:53:26', '2022-03-21 15:25:11', 'AKTIF'),
(201, 'AULIA AINA RAHMAN', 'DA1063', 'SUB DISTRIBUTOR', 'JL. JERUK 3 NO. 12 RT.050 RW.009 KELURAHAN MENTAWA BARU HILIR KECAMATAN MENTAWA BARU KETAPANG', '082252108560', 467, '2020-08-21 15:08:56', '2022-03-21 15:25:11', 'AKTIF'),
(202, 'MECCA', 'DA1064', 'DISTRIBUTOR', 'SUTOYO S, BANJARMASIN', '081252344888', 39, '2020-09-04 10:04:50', '2022-03-21 15:25:11', 'AKTIF'),
(203, 'SYAFIQ ABDULLAH', 'DA1071', 'DISTRIBUTOR', 'KOMP TAMAN ASRI JLN \nCEMPAKA BLOK D NO 11\n PELAIHARI KEL SARANG HALANG', '085249638974', 51, '2020-09-12 10:38:00', '2022-03-21 15:25:11', 'AKTIF'),
(204, 'TOKO TAUFIK (NIZMA CEMILA', 'DA1099', 'DISTRIBUTOR', 'JL.PAHLAWAN RT 1/RW 2 NO 12,SUNGAI PANDAN TENGAH KEC. SUNGAI PANDAN ALABIO', '082155753180', 162, '2020-10-31 13:54:39', '2022-03-21 15:25:11', 'AKTIF'),
(205, 'AL KAUTSAR', 'DA1100', 'DISTRIBUTOR', 'JL.  JANAR NO. 6, RT02/RW 02, KELURAHAN KOMET,  BANJARBARU UTARA -BANJARBARU', '081347710388', 16, '2020-11-02 09:32:17', '2022-03-21 15:25:11', 'AKTIF'),
(206, 'NUR HAYATI', 'DA1103', 'SUB DISTRIBUTOR', 'PALAM', '085332620412', 1, '2020-11-13 10:18:29', '2022-03-21 15:25:11', 'AKTIF'),
(207, 'M NULFI RIDHANI', 'DA1117', 'SUB DISTRIBUTOR', 'SEI LULUT, BANJARMASIN TIMUR, BANJARMASIN', '089648829871', 5, '2021-09-25 12:01:02', '2022-03-21 15:25:11', 'AKTIF'),
(208, 'ADHY GUSTI CITRA MAHAJANA', 'DA1159', 'SUB DISTRIBUTOR', 'JALAN GRIYA ASRI KOMPLEK CITRA KARTIKA EKA PAKSI BLOK I NO. 1 KELURAHAN LANDASAN ULIN BARAT RT 16 RW 02 KEC. LIANG ANGGANG KAB. BANJARBARU 70722', '081549230311', 18, '2020-12-24 10:31:17', '2022-03-21 15:25:11', 'AKTIF'),
(209, 'SUPIAN TJ', 'DA1200', 'DISTRIBUTOR', 'BELIMBING RAYA SAMPING PDAM', '081351788822', 201, '2021-02-17 17:12:35', '2022-03-21 15:25:11', 'AKTIF'),
(210, 'RUSDIANA', 'DA1202', 'SUB DISTRIBUTOR', 'KM 25,,,JLN GARUDA ,KAMPUNG KARANG JAWA RT 06,RW 06,NO 08..LANDASAN ULIN TIMUR.', '081251266414', 9, '2021-03-02 09:48:36', '2022-03-21 15:40:53', 'AKTIF'),
(211, 'UBAIDILLAH', 'DA1204', 'DISTRIBUTOR', ' JALAN PATIH RUMBIH NOMOR 35 KELURAHAN SELAT TENGAH. KECAMATAN SELAT KAB. KAPUAS', '085248800366', 98, '2021-03-02 10:07:17', '2022-03-21 15:40:53', 'AKTIF'),
(212, 'POPPY SRIYANTI', 'DA1207', 'SUB DISTRIBUTOR', 'JALAN PANGLIMA BATUR TIMUR NO 40A KEL KOMET KEC BANJARBARU UTARA BANJARBARU', '08115121988', 10, '2021-03-08 14:19:18', '2022-03-21 15:25:11', 'AKTIF'),
(213, 'SUPRIHATIN', 'DA1211', 'DISTRIBUTOR', 'JL. TIUNG 1 NO. 16 SAWAHAN, SAMPIT (PABRIK)', '085754352467', 1, '2021-09-25 13:26:42', '2022-03-21 15:40:53', 'AKTIF'),
(214, 'ASYIFA NORHANA', 'DA1213', 'DISTRIBUTOR', 'JL. PEMBALAH BATUNG RT. 08 KEL. PALIWARA KEC. AMUNTAI TENGAH KAB. HULU SUNGAI UTARA KALSEL 71418\n(SEBERANG APOTEK BARATA)', '082255483131', 165, '2021-04-06 14:58:48', '2022-03-21 15:25:11', 'AKTIF'),
(215, 'BURHAN', 'DA1231', 'SUB DISTRIBUTOR', 'KOTA CITRA GRAHA( KCG) KM. 17.5\nMAWAR NO.1', '081347144333', 23, '2021-05-24 14:25:54', '2022-03-21 15:25:11', 'AKTIF'),
(216, 'IRWAN HARMOKO', 'DA1239', 'DISTRIBUTOR', 'JALAN INTANSARI RT.20 RW.04 KEL SEI BESAR BANJARBARU', '081251051125', 10, '2021-06-11 10:15:09', '2022-03-21 15:25:11', 'AKTIF'),
(217, 'AZ ZAHRA BALITAN', 'DA1257', 'SUB DISTRIBUTOR', 'JALAN KARANG ANYAR 1 RT 01/08, GUNTUNG PAYUNG BANJARBARU, LOKATABAT UTARA', '08115080600', 9, '2021-08-19 11:09:16', '2022-03-21 15:25:11', 'AKTIF'),
(218, 'AL YASMIN', 'DA1258', 'SUB DISTRIBUTOR', 'JL. SEKUMPUL UJUNG RT 004 INDRASARI MARTAPURA ', '08115080600', 17, '2021-08-21 09:36:38', '2022-03-21 15:25:11', 'AKTIF'),
(219, 'RACHMAD SURYADI', 'DA1260', 'DISTRIBUTOR', ' JL KAMARATIH NO.05A RT 6A, PANGGUNG, KEC. PELAIHARI, KABUPATEN TANAH LAUT, KALIMANTAN SELATAN 70815', '082156233608', 42, '2021-08-25 14:55:24', '2022-03-21 15:25:11', 'AKTIF'),
(220, 'ENI EKO SUSANTI', 'DA1275', 'SUB DISTRIBUTOR', 'JL CEMPAKA RAYA 99 B RT 42 KEL TELAGA BIRU KEC.BANJARMASIN BARAT', '08125041789', 41, '2021-10-07 11:31:33', '2022-03-21 15:25:11', 'AKTIF'),
(221, 'MAHMUDAH', 'DA1326', 'DISTRIBUTOR', 'TOKO ZAHRA, JL. ABDUL GANI MAHEDI RT 009', '082158145870', 165, '2022-01-19 14:22:30', '2022-03-21 15:25:11', 'AKTIF'),
(222, 'LILIK MUNIFAH', 'DA1327', 'SUB DISTRIBUTOR', 'JL. UPT PANDANSARI, KEL. PANDANSARI, KEC KINTAP, KAB TANAH LAUT', '081252481919', 122, '2022-01-22 10:28:20', '2022-03-21 15:25:11', 'AKTIF'),
(223, 'AHMAD SUPIAN', 'DA1329', 'SUB DISTRIBUTOR', 'TUNGKAP, BINUANG, TAPIN', '081522877060', 60, '2022-02-03 12:05:03', '2022-03-21 15:25:11', 'AKTIF'),
(224, 'ARBAINI', 'DA1330', 'DISTRIBUTOR', 'GALAGAH HULU, SUNGAI TABUKAN,HULU SUNGAI UTARA', '085251272752', 163, '2022-02-04 16:06:23', '2022-03-21 15:25:11', 'AKTIF'),
(225, 'RUDY CHANDRA', 'DA1334', 'SUB DISTRIBUTOR', 'JL. GOLF, KOMP. DAS NO. 23 RT 007/002, SYAMSUDIN NOOR 	 LANDASAN ULIN, BANJARBARU', '081351683842', 18, '2022-03-01 23:18:20', '2022-03-21 15:25:11', 'AKTIF'),
(226, 'RINDU', 'DA9996', 'BUKAN SUB/DISTRIBUTOR', 'BANJARBARU', 'TIDAK ADA', 10, '2021-03-22 16:33:21', '2022-03-21 15:25:11', 'AKTIF'),
(227, 'ABP', 'DA9997', 'BUKAN SUB/DISTRIBUTOR', 'JALAN TARUNA BHAKTI RT 12, KELURAHAN PALAM, KECAMATAN CEMPAKA', '085845638374', 1, '2020-08-13 15:29:21', '2022-03-21 15:40:53', 'AKTIF'),
(228, 'PDAM BANDARMASIH', 'DA9998', 'BUKAN SUB/DISTRIBUTOR', 'JL. A.YANI NO.12, KEBUN BUNGA, KEC. BANJARMASIN TIMUR, KOTA BANJARMASIN. KALIMANTAN SELATAN 70234', '085100770216', 33, '2020-08-04 16:15:42', '2022-03-21 15:40:53', 'AKTIF'),
(229, 'Depo BJM', 'DA9999', 'DISTRIBUTOR', 'DEPO BJM, PAL 5,5', '085101405530', 30, '2020-08-04 10:39:56', '2022-03-21 15:25:11', 'AKTIF'),
(232, 'IPIT', 'DA6666', 'DISTRIBUTOR', 'ULIN', '080808080808', 12, '2022-04-18 10:03:14', '2022-04-18 02:03:14', 'AKTIF');

-- --------------------------------------------------------

--
-- Table structure for table `insentif`
--

CREATE TABLE `insentif` (
  `id` int(11) NOT NULL,
  `id_distribusi` int(11) NOT NULL,
  `id_pengirim` int(11) DEFAULT NULL,
  `ontime` double DEFAULT 0,
  `bongkar` double DEFAULT 0,
  `terbayar` enum('0','1','2') DEFAULT '0'
) ENGINE=InnoDB DEFAULT CHARSET=latin1;

--
-- Dumping data for table `insentif`
--

INSERT INTO `insentif` (`id`, `id_distribusi`, `id_pengirim`, `ontime`, `bongkar`, `terbayar`) VALUES
(4, 4896, 38, 12058.2, 9450, '0'),
(5, 4896, 11, 12058.2, 9450, '0'),
(6, 4896, NULL, 0, 0, '0');

-- --------------------------------------------------------

--
-- Table structure for table `jabatan`
--

CREATE TABLE `jabatan` (
  `id` int(11) NOT NULL,
  `nama_jabatan` varchar(100) NOT NULL,
  `gaji` double NOT NULL,
  `tunjangan_khusus` double NOT NULL
) ENGINE=InnoDB DEFAULT CHARSET=latin1;

-- --------------------------------------------------------

--
-- Table structure for table `karyawan`
--

CREATE TABLE `karyawan` (
  `id` int(11) NOT NULL,
  `username` varchar(30) DEFAULT NULL,
  `password` varchar(50) DEFAULT NULL,
  `nama` varchar(35) NOT NULL,
  `nik` varchar(16) NOT NULL,
  `tempat_lahir` varchar(50) NOT NULL,
  `tanggal_lahir` date NOT NULL,
  `jenis_kelamin` enum('LAKI-LAKI','PEREMPUAN') NOT NULL,
  `alamat` varchar(512) NOT NULL,
  `agama` enum('-','ISLAM','PROTESTAN','KATOLIK','HINDU','BUDDHA','KONGHUCU') NOT NULL,
  `status` enum('KAWIN','BELUM KAWIN') NOT NULL,
  `gol_darah` enum('-','A','B','AB','O') DEFAULT NULL,
  `jabatan` enum('DRIVER','HELPER','ADMINKEU','SPVDISTRIBUSI','MGRDISTRIBUSI') NOT NULL,
  `no_telepon` varchar(14) NOT NULL,
  `sim` enum('-','A','B1','B2','C','D','A UMUM','B1 UMUM','B2 UMUM') NOT NULL,
  `tanggal_registrasi` datetime NOT NULL DEFAULT current_timestamp(),
  `tanggal_update_data` timestamp NOT NULL DEFAULT current_timestamp() ON UPDATE current_timestamp(),
  `status_karyawan` enum('BORONGAN','BULANAN') NOT NULL,
  `status_keaktifan` enum('AKTIF','NON AKTIF') NOT NULL,
  `upah_borongan` int(7) NOT NULL,
  `foto` varchar(255) DEFAULT NULL
) ENGINE=InnoDB DEFAULT CHARSET=latin1;

--
-- Dumping data for table `karyawan`
--

INSERT INTO `karyawan` (`id`, `username`, `password`, `nama`, `nik`, `tempat_lahir`, `tanggal_lahir`, `jenis_kelamin`, `alamat`, `agama`, `status`, `gol_darah`, `jabatan`, `no_telepon`, `sim`, `tanggal_registrasi`, `tanggal_update_data`, `status_karyawan`, `status_keaktifan`, `upah_borongan`, `foto`) VALUES
(1, 'mrasyid0005', 'c0dc3d11bb404b565331fa2d2d53fdec', 'MUHAMMAD RASYID', '6372030706940005', 'SUNGAI TIUNG', '1994-06-07', 'LAKI-LAKI', 'CEMPAKA TENGAH RT 010 RW 004 KELURAHAN CEMPAKA KECAMATAN CEMPAKA', 'ISLAM', 'KAWIN', '-', 'DRIVER', '-', 'B2 UMUM', '2019-10-30 00:00:00', '2022-06-19 10:51:05', 'BORONGAN', 'NON AKTIF', 0, NULL),
(2, 'birawan0006', '8adf675e0552f2c9c17d661cdb8ad7c9', 'BUDI IRAWAN', '6307060703860006', 'ANJIR', '1986-03-07', 'LAKI-LAKI', 'JL MAKMUR KOMP GRAHA PERMATA INDAH 8 RT 006 RW 004 KELURAHAN LANDASAN ULIN ', 'ISLAM', 'KAWIN', '-', 'DRIVER', '-', 'B1 UMUM', '2012-03-04 22:52:30', '2022-06-16 13:22:59', 'BULANAN', 'AKTIF', 0, NULL),
(3, 'suriapani0007', '272df927502b0b1d4b87b1ab32d58f4e', 'SURIAPANI', '6307110107920007', 'KABANG', '1992-07-01', 'LAKI-LAKI', 'KABANG RT 001 RW 001 KELURAHAN KABANG KECAMATAN LIMPASU', 'ISLAM', 'KAWIN', '-', 'DRIVER', '-', 'B1 UMUM', '2019-03-14 00:00:00', '2022-03-21 03:04:03', 'BORONGAN', 'NON AKTIF', 110000, NULL),
(4, 'rhidayat0001', 'dbba0b0dbfcf31c8478de56d1cd42a98', 'RAHMAT HIDAYAT', '6372021808970001', 'MARTAPURA', '1997-08-18', 'LAKI-LAKI', 'KOMP LAMBUNG MANGKURAT REGENCY RT 002 RW 001 KELURAHAN PALAM KECAMATAN CEMP', 'ISLAM', 'KAWIN', '-', 'DRIVER', '-', 'B1 UMUM', '2017-02-19 22:52:56', '2022-03-21 14:53:10', 'BORONGAN', 'NON AKTIF', 0, NULL),
(5, 'aghafur0005', '549f5bd3bf4f0d7473add189514e894f', 'ABDUL GHAPUR', '6372030305910005', 'BANGKAL', '1991-05-03', 'LAKI-LAKI', 'JL MISTAR COKROKUSUMO BANGKAL RT 002 RW 001 KELURAHAN BANGKAL KECAMATAN CEMPAKA', 'ISLAM', 'KAWIN', '-', 'HELPER', '-', '', '2018-12-05 00:00:00', '2022-03-21 03:04:03', 'BORONGAN', 'NON AKTIF', 73700, NULL),
(6, 'sugani0007', 'd002a2cc8462b7c862650f905172b224', 'SUGANI', '6372030506930007', 'BANGKAL', '1993-06-05', 'LAKI-LAKI', 'BASUNG 1 CEMPAKA RT 013 RW 005 KELURAHAN CEMPAKA KECAMATAN CEMPAKA', 'ISLAM', 'KAWIN', '-', 'HELPER', '-', '-', '2017-10-09 00:00:00', '2022-03-21 03:04:03', 'BORONGAN', 'NON AKTIF', 73700, NULL),
(7, 'ahmad0002', '2f587db3068dd0983f111ab8a9660b41', 'AHMAD', '6372030510950002', 'ANJIR', '1995-10-05', 'LAKI-LAKI', 'JL TARUNA BAKTI RT 012 RW 004 KELURAHAN PALAM KECAMATAN CEMPAKA', 'ISLAM', 'BELUM KAWIN', '-', 'DRIVER', '-', 'A', '2018-07-09 00:00:00', '2022-03-21 03:04:03', 'BORONGAN', 'NON AKTIF', 0, NULL),
(8, 'mjaini0002', '34c4aa698d2a95a282b45cdfd5629171', 'M JAINI', '6372030906950002', 'BANGKAL', '1995-06-09', 'LAKI-LAKI', 'JL H MR COKROKUSUMO RT 006 RW 002 KELURAHAN BANGKAL KECAMATAN CEMPAKA ', 'ISLAM', 'BELUM KAWIN', '-', 'HELPER', '-', '-', '2019-10-01 00:00:00', '2022-03-21 03:04:03', 'BORONGAN', 'NON AKTIF', 0, NULL),
(9, 'trahman0001', '48368b96690ba44a1d99186c8f68e2de', 'TAUPIK RAHMAN', '6372031009840001', 'PALAM', '1984-09-10', 'LAKI-LAKI', 'TRANSAD PALAM BLOK D RT 010 RW 004 KELURAHAN PALAM KECAMATAN CEMPAKA', 'ISLAM', 'KAWIN', 'O', 'DRIVER', '081254819794', '-', '2019-10-04 00:00:00', '2022-04-08 03:19:26', 'BORONGAN', 'AKTIF', 90500, NULL),
(10, 'kasianoor0002', '60eb0e637b3a1cc1e903c5604c7b33f8', 'KASIANOOR', '6372031409860002', 'BANGKAL', '1986-06-14', 'LAKI-LAKI', 'JL MISTAR COKROKUSUMO BANGKAL RT 005 RW 002 KELURAHAN BANGKAL KECAMATAN CEM', 'ISLAM', 'KAWIN', '-', 'DRIVER', '-', 'A', '2018-12-01 00:00:00', '2022-03-21 03:04:03', 'BORONGAN', 'NON AKTIF', 0, NULL),
(11, 'mhamidi000', '202cb962ac59075b964b07152d234b70', 'MUHAMMAD HAMIDI', '6372031707071000', 'BANGKAL', '2001-07-14', 'LAKI-LAKI', 'JL H MR COKROKUSUMO RT 005 RW 002 KELURAHAN BANGKAL KECAMATAN CEMPAKA', 'ISLAM', 'BELUM KAWIN', '-', 'DRIVER', '-', 'B1 UMUM', '2018-03-07 00:00:00', '2022-06-16 04:07:17', 'BORONGAN', 'AKTIF', 110000, NULL),
(12, 'mfauzi0002', '1b573791071ac31212614607817358f8', 'MIFTAH FAUZI', '6403051601920002', 'PONTIANAK', '1992-01-16', 'LAKI-LAKI', 'JL PALAM RT 047 RW 007 KELURAHAN GUNTUNG MANGGIS KECAMATAN LANDASAN ULIN ', 'ISLAM', 'KAWIN', 'O', 'DRIVER', '-', 'A', '2018-07-19 00:00:00', '2022-03-19 07:40:56', 'BORONGAN', 'AKTIF', 85000, NULL),
(13, 'hluar9999', '0004118adad1d76421bd8e79b958212b', 'Helper Luar', '9999999999999999', '-', '2020-07-01', '', '-', '-', '', '-', 'HELPER', '-', '-', '2020-07-31 22:16:27', '2022-03-19 07:40:56', 'BORONGAN', 'AKTIF', 0, NULL),
(14, 'mfaisal0002', 'b13b5a6dd39bfb4acf8c17c5389ba6bc', 'MUHAMMAD FAISAL', '6372030910980002', 'BANJARBARU', '1998-10-30', 'LAKI-LAKI', 'JL MISTAR COKROKUSUMO BANGKAL 005/006 KELURAHAN BANGKAL KECAMATAN CEMPAKA', 'ISLAM', 'BELUM KAWIN', '', 'HELPER', '-', '', '2019-03-04 10:10:00', '2022-03-21 03:04:03', 'BORONGAN', 'NON AKTIF', 0, NULL),
(15, 'rahman0004', 'aa50dce588b60f8b3e512b6e220547f9', 'RAHMAN', '6372031906910004', 'KUSAN ILIR', '2021-01-08', 'LAKI-LAKI', 'JL MISTAR COKROKUSUMO BANGKAL 006/002', 'ISLAM', 'KAWIN', 'A', 'DRIVER', '08311212310', 'A', '2020-08-03 10:10:00', '2022-04-08 03:10:39', 'BORONGAN', 'AKTIF', 90500, NULL),
(16, 'aalfajriannoor0003', '2fc0b6d749c8fee82ea47c397c5824ed', 'AHMAD ALFAJRIANNOOR', '6372030104010003', 'BANGKAL', '2001-04-01', 'LAKI-LAKI', 'JL. H. MR. COKROKUSUMO, RT 006 RW 002, BANGKAL, CEMPAKA', 'ISLAM', 'BELUM KAWIN', '-', 'HELPER', '-', 'C', '2020-06-05 10:12:42', '2022-03-19 07:40:56', 'BORONGAN', 'AKTIF', 73700, NULL),
(17, 'msamideri0002', '5a3b20703fe2534310760df8aa93f117', 'MUHAMMAD SAMIDERI', '6372032010950002', 'BANGKAL', '1996-04-20', 'PEREMPUAN', 'JL MISTAR COKRO KUSUMO 009/003 KELURAHAN BANGKAL KECAMATAN CEMPAKA', 'ISLAM', 'BELUM KAWIN', '', 'HELPER', '-', '', '2020-03-24 10:18:48', '2022-03-19 07:40:56', 'BORONGAN', 'AKTIF', 73700, NULL),
(18, 'msarmiji0002', 'c66917dfd39a9c7961683c0d8577a7b9', 'MUHAMMAD SARMIJI', '6372030404970002', 'BANGKAL', '1997-04-04', 'LAKI-LAKI', 'JL H MR COKROKUSUMO 005/002', 'ISLAM', 'BELUM KAWIN', '-', 'HELPER', '-', '', '2019-10-01 10:18:48', '2022-03-21 03:04:03', 'BORONGAN', 'NON AKTIF', 73700, NULL),
(19, 'chandra0001', 'c38c8b6cf187860f9829c96496e96cae', 'CHANDRA', '6372032204920001', 'BANGKAL', '1991-04-22', 'LAKI-LAKI', 'JL H MR COKROKUSUMO 005/002 KELURAHAN BANGKAL KECAMATAN CEMPAKA', 'ISLAM', 'BELUM KAWIN', '-', 'HELPER', '-', '', '2020-08-03 10:20:25', '2022-03-21 03:04:03', 'BORONGAN', 'NON AKTIF', 73700, NULL),
(20, 'ifadillah0003', '36d7b6b3324981a525ad78a3b6375ea0', 'IVAN FADILLAH', '6372032109020003', 'BANGKAL', '2002-09-21', 'LAKI-LAKI', 'JL MISTAR COKROKUSUMO BANGKAL 006/002 KELIRAHAN BANGKAL KECAMATAN CEMPAKA', 'ISLAM', 'BELUM KAWIN', '-', 'DRIVER', '089629665507', 'A', '2019-08-06 10:20:25', '2022-04-08 03:07:48', 'BORONGAN', 'AKTIF', 90500, NULL),
(21, 'farhani0001', 'cf7dd3bc99e28da465cb389a718cbb62', 'FARHANI', '6210032005990001', 'PALANGKARAYA', '1999-05-20', 'LAKI-LAKI', 'JL ANTANG RANGGAM NO 26 015/000 KELURAHAN TEWEH KECAMATAN TEWEH', 'ISLAM', 'BELUM KAWIN', '', 'DRIVER', '-', 'A', '2019-02-16 10:21:44', '2022-03-21 03:04:03', 'BORONGAN', 'NON AKTIF', 85000, NULL),
(22, 'iqbal0003', '41103c0f4e776d222082e32bf534ba14', 'IQBAL', '6372032909930003', 'CEMPAKA', '1993-05-13', 'LAKI-LAKI', 'SUNGAI TIUNG 009/005 KELURAHAN SUNGAI TIUNG KECAMATAN CEMPAKA', 'ISLAM', 'KAWIN', '', 'DRIVER', '-', '', '2020-06-12 10:21:44', '2022-03-21 03:04:03', 'BORONGAN', 'NON AKTIF', 0, NULL),
(23, 'dsumaryanto0000', 'fc1e9426a1ecc66171c401387daf3a0c', 'DUDUT S', '', '', '1964-10-23', '', '', '', '', NULL, '', '', '', '2020-08-09 09:33:03', '2022-03-19 07:57:56', 'BULANAN', 'AKTIF', 0, NULL),
(24, 'mnasih0000', 'a6c690fae3f459c16ff7b921ab6eb746', 'MUHAMMAD NASIH', '', 'SUNGAI TIUNG', '2000-03-11', 'LAKI-LAKI', 'SUNGAI TIUNG RT 027 RW 008', 'ISLAM', 'KAWIN', '-', 'HELPER', '', 'C', '2020-08-29 11:09:23', '2022-03-21 03:04:03', 'BORONGAN', 'NON AKTIF', 73700, NULL),
(25, 'mujahani0002', 'e55d2740bb93cfbce63fa52db73048f6', 'MUJAHANI', '6372032906890002', 'BANGKAL', '1989-06-29', 'LAKI-LAKI', 'JL H MR COKROKUSUMO RT 006 RW 002 BANGKAL', 'ISLAM', 'KAWIN', 'O', 'DRIVER', '085705839103', 'B1', '2020-09-29 14:56:21', '2022-03-19 07:42:29', 'BULANAN', 'AKTIF', 0, NULL),
(26, 'dupriansyah0004', '3d28f769d454d6e292c6502ca76cc326', 'DUPRIANSYAH', '6371051012920004', 'BANJARMASIN', '1991-12-10', 'LAKI-LAKI', 'JL SYEKH SALMAN AL FARISI RT 002 RW 001, KEL GADUNG KERAMAT, KEC BAKARANGAN', 'ISLAM', 'BELUM KAWIN', '-', 'HELPER', '08997099573', 'C', '2021-01-13 13:50:05', '2022-04-08 03:20:43', 'BULANAN', 'NON AKTIF', 73700, NULL),
(27, 'mnoor0003', '0cf4c17b54e4b78f30a6fa02886abefb', 'MUHAMMAD NOOR', '6372030609960003', 'BANGKAL', '1996-09-06', 'LAKI-LAKI', 'JALAN MISTAR COKROKUSUMO BANGKAL RT 007 RW 003', 'ISLAM', 'BELUM KAWIN', '-', 'HELPER', '0895700615618', '-', '2021-01-23 10:29:52', '2022-04-08 03:09:24', 'BORONGAN', 'AKTIF', 71000, NULL),
(28, 'suroto0003', '7ec71cd1ed3021b9ee24239b10a31b29', 'SUROTO', '6372021504830003', 'PURWOREJO', '1983-04-15', 'LAKI-LAKI', 'MULYOSARI, PREMBON', 'ISLAM', 'KAWIN', '-', 'DRIVER', '082153532190', 'B1 UMUM', '2021-01-28 11:16:26', '2022-03-21 03:04:03', 'BORONGAN', 'NON AKTIF', 110000, NULL),
(29, 'mrizki4567', '5efd9c73541ca040e89d8db8ebd2cdc0', 'MUHAMMAD RIZKI', '1234567891234567', 'MARTAPURA', '2002-07-10', 'LAKI-LAKI', 'JL MR COKROKUSUMO RT 4 RW 2 BANGKAL CEMPAKA', 'ISLAM', 'BELUM KAWIN', '-', 'HELPER', '0895339558575', 'C', '2021-01-28 11:26:13', '2022-03-21 03:04:03', 'BORONGAN', 'NON AKTIF', 73700, NULL),
(30, 'hadri0002', 'ad480534e033ee735aee6c4be3b909b5', 'HADRI', '6372030605990002', 'BANGKAL', '1999-03-06', 'LAKI-LAKI', 'JL H MR COKROKUSUMO RT 008 RW 005 BANGKAL, CEMPAKA', 'ISLAM', 'BELUM KAWIN', '-', 'HELPER', '-', 'C', '2021-02-10 11:50:01', '2022-04-08 03:21:17', 'BORONGAN', 'NON AKTIF', 73700, NULL),
(31, 'sunarmin0002', 'a2dac122280b5327dbb7c0917c6ba7f7', 'SUNARMIN', '6372032510700002', 'BLITAR', '1970-10-25', 'LAKI-LAKI', 'JL. PERAMBAIAN RT 035 RW 007 SEI ULIN BANJARBARU UTARA', 'ISLAM', 'KAWIN', 'O', 'DRIVER', '081251772929', 'B1 UMUM', '2021-04-07 11:41:48', '2022-04-08 03:21:34', 'BORONGAN', 'NON AKTIF', 110000, NULL),
(32, 'makbar0001', '14c9f37be948c1d83576a54b4155d05a', 'MUHAMMAD AKBAR', '6372031803000001', 'BANGKAL', '2000-11-18', 'LAKI-LAKI', 'JL. H. MR. COKROKUSUMO RT 006 RW 002 BANGKAL CEMPAKA', 'ISLAM', 'BELUM KAWIN', '-', 'HELPER', '082358660626', 'A', '2021-04-15 14:07:42', '2022-04-08 03:08:54', 'BORONGAN', 'AKTIF', 90500, NULL),
(33, 'ibrahim0003', 'a5fb8f7e05129dfa71f5e47c305949b4', 'IBRAHIM', '6372030805010003', 'BANGKAL', '2001-05-08', 'LAKI-LAKI', 'JL. MISTAR COKROKUSUMO, BANGKAL, RT 004 RW 002, CEMPAKA', 'ISLAM', 'BELUM KAWIN', '-', 'HELPER', '0', 'C', '2021-05-18 10:21:58', '2022-04-08 03:21:55', 'BORONGAN', 'AKTIF', 74700, NULL),
(34, 'mrupiani0001', 'c1de09db5d3068532c9274f8cd60f640', 'M RUPIANI', '6372031704000001', 'BANGKAL', '2000-04-17', 'LAKI-LAKI', 'JL. H. MR. COKROKUSUMO RT 006 RW 002 BANGKAL, CEMPAKA', 'ISLAM', 'BELUM KAWIN', '-', 'HELPER', '-', 'C', '2021-05-28 16:16:28', '2022-04-08 03:09:50', 'BORONGAN', 'AKTIF', 74700, NULL),
(35, 'hrifani0002', '98abb5754d6ebe7b7030b6ce1b056d49', 'HADI RIFANI', '6301050901930002', 'BANJARMASIN', '1993-01-09', 'LAKI-LAKI', 'BENTOK KAMPUNG RT 00 RW 002 BATI-BATI', 'ISLAM', 'KAWIN', '-', 'DRIVER', '087716341778', 'B1', '2021-06-17 11:09:01', '2022-03-21 03:04:03', 'BORONGAN', 'NON AKTIF', 100000, NULL),
(36, 'agusti0003', '4d01de37a408887149c2e71468fabf76', 'ADHIE GUSTI RIANTO', '6372052808920003', 'GUNTUNG PAYUNG', '1992-08-27', 'LAKI-LAKI', 'JL BAYEM, RT 038 RW 007, LOKTABAT UTARA, BANJARBARU UTARA', 'ISLAM', 'KAWIN', 'O', 'DRIVER', '-', 'A', '2021-06-17 11:15:19', '2022-04-08 03:22:16', 'BORONGAN', 'NON AKTIF', 85000, NULL),
(37, 'riyandi0007', 'cc706ad6f27265c3229678a44ce6a4e9', 'RIYANDI', '6372022711890007', 'BANJARMASIN', '1989-11-27', 'LAKI-LAKI', 'JL. MAKMUR RT 006 RW 004 KEL. LANDASAN ULIN UTARA, KEC LIANG ANGGANG', 'ISLAM', 'KAWIN', 'O', 'DRIVER', '-', 'B1', '2021-07-16 10:14:15', '2022-03-19 07:55:30', 'BORONGAN', 'AKTIF', 100000, NULL),
(38, 'msaputra0003', '0d87f4997d019174a6a0f45d41141a0f', 'MUHAMMAD SAPUTRA', '6203070404050003', 'PALINGKAU LAMA', '2005-04-19', 'LAKI-LAKI', 'TRANSAD PALAM BLOK D RT 010 RW 004 KELURAHAN PALAM KECAMATAN CEMPAKA, BANJARBARU', 'ISLAM', 'BELUM KAWIN', '-', 'HELPER', '000000000000', '-', '2022-01-04 11:04:15', '2022-04-08 03:22:51', 'BORONGAN', 'AKTIF', 74700, NULL),
(39, 'miqbal0005', '990b733c35fb45b10b0e2b88c73b53a4', 'M IQBAL BADALI', '6372030106990005', 'BANGKAL', '1999-06-01', 'LAKI-LAKI', 'JL. H. MR COKROKUSUMO RT 006 RW 002 KEL. BANGKAL, KEC. CEMPAKA', 'ISLAM', 'BELUM KAWIN', '-', 'HELPER', '000000000000', '', '2022-03-17 11:03:13', '2022-06-19 17:18:14', 'BORONGAN', 'AKTIF', 74700, NULL),
(56, 'adul0001', '202cb962ac59075b964b07152d234b70', 'ADUL', '6372022809930001', 'KOTABARU', '1993-05-05', 'LAKI-LAKI', 'ulin', 'ISLAM', 'KAWIN', 'B', 'SPVDISTRIBUSI', '000088885555', 'B2 UMUM', '2022-04-18 09:59:15', '2022-04-30 06:19:32', 'BORONGAN', 'AKTIF', 120000, '626241a637ddd.png'),
(57, 'rseptiadi0003', '1534b76d325a8f591b52d302e7181331', 'RIAN SEPTIADI', '6372022809930003', 'PELAIHARI', '1993-09-28', 'LAKI-LAKI', 'KOMPLEK GRIYA ULIN PERMAI, JL. ASABRI 3 BLOK I NO.14, RT 004 RW 005, LANDASAN ULIN TIMUR', 'ISLAM', 'KAWIN', 'B', 'ADMINKEU', '087810035627', 'A', '2022-04-18 12:38:05', '2022-04-23 04:53:44', 'BULANAN', 'AKTIF', 100000, '626241a637dde.jpg'),
(58, 'mhumaidi0011', '87f4d79e36d68c3031ccf6c55e9bbd39', 'MUHAMMAD HUMAIDI', '6303073112970011', 'ASTAMBUL', '1997-12-31', 'LAKI-LAKI', 'TAMBANGAN ', 'ISLAM', 'BELUM KAWIN', 'A', 'ADMINKEU', '081545031254', '-', '2022-04-19 16:38:23', '2022-04-22 05:54:18', 'BORONGAN', 'AKTIF', 100000, '626241a637ddf.png'),
(64, 'aamalia0004', '202cb962ac59075b964b07152d234b70', 'ANNISA AMALIA HAKIM', '6307064801960004', 'BANJARBARU', '1996-01-08', 'PEREMPUAN', 'GUNTUNG MANGGIS', 'ISLAM', 'KAWIN', 'O', 'MGRDISTRIBUSI', '082154026028', 'A', '2022-04-22 14:57:42', '2022-06-16 06:40:03', 'BULANAN', 'AKTIF', 0, '626251897ac14.png');

-- --------------------------------------------------------

--
-- Table structure for table `karyawan_bulanan`
--

CREATE TABLE `karyawan_bulanan` (
  `id` int(11) NOT NULL,
  `nama_bulanan` varchar(35) NOT NULL,
  `nik` varchar(16) NOT NULL,
  `tempat_lahir` varchar(50) NOT NULL,
  `tanggal_lahir` date NOT NULL,
  `jenis_kelamin` enum('LAKI-LAKI','PEREMPUAN') NOT NULL,
  `alamat` varchar(512) NOT NULL,
  `agama` enum('-','ISLAM','PROTESTAN','KATOLIK','HINDU','BUDDHA','KONGHUCU') NOT NULL,
  `status` enum('KAWIN','BELUM KAWIN') NOT NULL,
  `gol_darah` enum('-','A','B','AB','O') DEFAULT NULL,
  `jabatan` int(11) NOT NULL,
  `no_telepon` varchar(14) NOT NULL,
  `tanggal_registrasi` datetime NOT NULL DEFAULT current_timestamp(),
  `tanggal_update_data` timestamp NOT NULL DEFAULT current_timestamp() ON UPDATE current_timestamp(),
  `status_keaktifan` enum('AKTIF','NON AKTIF') NOT NULL,
  `foto` varchar(255) DEFAULT NULL
) ENGINE=InnoDB DEFAULT CHARSET=latin1;

-- --------------------------------------------------------

--
-- Table structure for table `lembur`
--

CREATE TABLE `lembur` (
  `id` int(11) NOT NULL,
  `tgl_lembur` date NOT NULL,
  `id_karyawan_bul` int(11) NOT NULL,
  `jum_lembur` int(11) NOT NULL,
  `keterangan` varchar(255) NOT NULL
) ENGINE=InnoDB DEFAULT CHARSET=latin1;

-- --------------------------------------------------------

--
-- Table structure for table `pengajuan_insentif_borongan`
--

CREATE TABLE `pengajuan_insentif_borongan` (
  `id` int(11) NOT NULL,
  `tgl_pengajuan` date NOT NULL,
  `no_pengajuan` varchar(20) NOT NULL,
  `id_insentif` int(11) NOT NULL
) ENGINE=InnoDB DEFAULT CHARSET=latin1;

-- --------------------------------------------------------

--
-- Table structure for table `pengajuan_upah_borongan`
--

CREATE TABLE `pengajuan_upah_borongan` (
  `id` int(11) NOT NULL,
  `tgl_pengajuan` date NOT NULL,
  `no_pengajuan` varchar(20) NOT NULL,
  `id_upah` int(11) NOT NULL,
  `tgl_verifikasi` date DEFAULT NULL,
  `id_verifikator` int(11) NOT NULL,
  `terbayar` enum('0','1','2') DEFAULT '0'
) ENGINE=InnoDB DEFAULT CHARSET=latin1;

--
-- Dumping data for table `pengajuan_upah_borongan`
--

INSERT INTO `pengajuan_upah_borongan` (`id`, `tgl_pengajuan`, `no_pengajuan`, `id_upah`, `tgl_verifikasi`, `id_verifikator`, `terbayar`) VALUES
(2, '2022-06-19', 'PJU/2022/06/0001', 5, '2022-06-19', 64, '2');

-- --------------------------------------------------------

--
-- Table structure for table `upah`
--

CREATE TABLE `upah` (
  `id` int(11) NOT NULL,
  `id_distribusi` int(11) NOT NULL,
  `id_pengirim` int(11) DEFAULT NULL,
  `upah` double DEFAULT 0
) ENGINE=InnoDB DEFAULT CHARSET=latin1;

--
-- Dumping data for table `upah`
--

INSERT INTO `upah` (`id`, `id_distribusi`, `id_pengirim`, `upah`) VALUES
(4, 4896, 38, 74700),
(5, 4896, 11, 110000),
(6, 4896, NULL, 0);

-- --------------------------------------------------------

--
-- Table structure for table `upah_bulanan`
--

CREATE TABLE `upah_bulanan` (
  `id` int(11) NOT NULL,
  `tgl_penarikan_data` date NOT NULL DEFAULT current_timestamp(),
  `id_karyawan` int(11) NOT NULL,
  `gaji_jabatan` double NOT NULL,
  `total_tunjangan_khusus` double NOT NULL,
  `periode_awal` date NOT NULL,
  `periode_akhir` date NOT NULL
) ENGINE=InnoDB DEFAULT CHARSET=latin1;

--
-- Indexes for dumped tables
--

--
-- Indexes for table `armada`
--
ALTER TABLE `armada`
  ADD PRIMARY KEY (`id`);

--
-- Indexes for table `distribusi`
--
ALTER TABLE `distribusi`
  ADD PRIMARY KEY (`id`),
  ADD UNIQUE KEY `no_perjalanan` (`no_perjalanan`),
  ADD KEY `id_plat` (`id_plat`),
  ADD KEY `driver` (`driver`),
  ADD KEY `helper_1` (`helper_1`),
  ADD KEY `helper_2` (`helper_2`),
  ADD KEY `modul_pengiriman_ibfk_5` (`nama_pel_1`),
  ADD KEY `modul_pengiriman_ibfk_6` (`nama_pel_2`),
  ADD KEY `modul_pengiriman_ibfk_7` (`nama_pel_3`);

--
-- Indexes for table `distributor`
--
ALTER TABLE `distributor`
  ADD PRIMARY KEY (`id`);

--
-- Indexes for table `insentif`
--
ALTER TABLE `insentif`
  ADD PRIMARY KEY (`id`),
  ADD KEY `id_distribusi` (`id_distribusi`),
  ADD KEY `id_pengirim` (`id_pengirim`);

--
-- Indexes for table `jabatan`
--
ALTER TABLE `jabatan`
  ADD PRIMARY KEY (`id`);

--
-- Indexes for table `karyawan`
--
ALTER TABLE `karyawan`
  ADD PRIMARY KEY (`id`);

--
-- Indexes for table `karyawan_bulanan`
--
ALTER TABLE `karyawan_bulanan`
  ADD PRIMARY KEY (`id`),
  ADD KEY `jabatan` (`jabatan`);

--
-- Indexes for table `lembur`
--
ALTER TABLE `lembur`
  ADD PRIMARY KEY (`id`),
  ADD KEY `lembur_ibfk_1` (`id_karyawan_bul`);

--
-- Indexes for table `pengajuan_insentif_borongan`
--
ALTER TABLE `pengajuan_insentif_borongan`
  ADD PRIMARY KEY (`id`),
  ADD KEY `id_insentif` (`id_insentif`);

--
-- Indexes for table `pengajuan_upah_borongan`
--
ALTER TABLE `pengajuan_upah_borongan`
  ADD PRIMARY KEY (`id`),
  ADD KEY `id_upah` (`id_upah`);

--
-- Indexes for table `upah`
--
ALTER TABLE `upah`
  ADD PRIMARY KEY (`id`),
  ADD KEY `id_distribusi` (`id_distribusi`),
  ADD KEY `id_pengirim` (`id_pengirim`);

--
-- Indexes for table `upah_bulanan`
--
ALTER TABLE `upah_bulanan`
  ADD PRIMARY KEY (`id`),
  ADD KEY `id_karyawan` (`id_karyawan`);

--
-- AUTO_INCREMENT for dumped tables
--

--
-- AUTO_INCREMENT for table `armada`
--
ALTER TABLE `armada`
  MODIFY `id` int(4) NOT NULL AUTO_INCREMENT, AUTO_INCREMENT=26;

--
-- AUTO_INCREMENT for table `distribusi`
--
ALTER TABLE `distribusi`
  MODIFY `id` int(11) NOT NULL AUTO_INCREMENT, AUTO_INCREMENT=4897;

--
-- AUTO_INCREMENT for table `distributor`
--
ALTER TABLE `distributor`
  MODIFY `id` int(11) NOT NULL AUTO_INCREMENT, AUTO_INCREMENT=233;

--
-- AUTO_INCREMENT for table `insentif`
--
ALTER TABLE `insentif`
  MODIFY `id` int(11) NOT NULL AUTO_INCREMENT, AUTO_INCREMENT=7;

--
-- AUTO_INCREMENT for table `jabatan`
--
ALTER TABLE `jabatan`
  MODIFY `id` int(11) NOT NULL AUTO_INCREMENT;

--
-- AUTO_INCREMENT for table `karyawan`
--
ALTER TABLE `karyawan`
  MODIFY `id` int(11) NOT NULL AUTO_INCREMENT, AUTO_INCREMENT=65;

--
-- AUTO_INCREMENT for table `karyawan_bulanan`
--
ALTER TABLE `karyawan_bulanan`
  MODIFY `id` int(11) NOT NULL AUTO_INCREMENT;

--
-- AUTO_INCREMENT for table `lembur`
--
ALTER TABLE `lembur`
  MODIFY `id` int(11) NOT NULL AUTO_INCREMENT;

--
-- AUTO_INCREMENT for table `pengajuan_insentif_borongan`
--
ALTER TABLE `pengajuan_insentif_borongan`
  MODIFY `id` int(11) NOT NULL AUTO_INCREMENT;

--
-- AUTO_INCREMENT for table `pengajuan_upah_borongan`
--
ALTER TABLE `pengajuan_upah_borongan`
  MODIFY `id` int(11) NOT NULL AUTO_INCREMENT, AUTO_INCREMENT=3;

--
-- AUTO_INCREMENT for table `upah`
--
ALTER TABLE `upah`
  MODIFY `id` int(11) NOT NULL AUTO_INCREMENT, AUTO_INCREMENT=7;

--
-- AUTO_INCREMENT for table `upah_bulanan`
--
ALTER TABLE `upah_bulanan`
  MODIFY `id` int(11) NOT NULL AUTO_INCREMENT;

--
-- Constraints for dumped tables
--

--
-- Constraints for table `distribusi`
--
ALTER TABLE `distribusi`
  ADD CONSTRAINT `distribusi_ibfk_1` FOREIGN KEY (`id_plat`) REFERENCES `armada` (`id`) ON DELETE CASCADE ON UPDATE CASCADE,
  ADD CONSTRAINT `distribusi_ibfk_2` FOREIGN KEY (`driver`) REFERENCES `karyawan` (`id`) ON DELETE CASCADE ON UPDATE CASCADE,
  ADD CONSTRAINT `distribusi_ibfk_3` FOREIGN KEY (`helper_1`) REFERENCES `karyawan` (`id`) ON DELETE CASCADE ON UPDATE CASCADE,
  ADD CONSTRAINT `distribusi_ibfk_4` FOREIGN KEY (`helper_2`) REFERENCES `karyawan` (`id`) ON DELETE CASCADE ON UPDATE CASCADE,
  ADD CONSTRAINT `distribusi_ibfk_5` FOREIGN KEY (`nama_pel_1`) REFERENCES `distributor` (`id`) ON DELETE CASCADE ON UPDATE CASCADE,
  ADD CONSTRAINT `distribusi_ibfk_6` FOREIGN KEY (`nama_pel_2`) REFERENCES `distributor` (`id`) ON DELETE CASCADE ON UPDATE CASCADE,
  ADD CONSTRAINT `distribusi_ibfk_7` FOREIGN KEY (`nama_pel_3`) REFERENCES `distributor` (`id`) ON DELETE CASCADE ON UPDATE CASCADE;

--
-- Constraints for table `insentif`
--
ALTER TABLE `insentif`
  ADD CONSTRAINT `insentif_ibfk_1` FOREIGN KEY (`id_distribusi`) REFERENCES `distribusi` (`id`) ON DELETE CASCADE ON UPDATE CASCADE,
  ADD CONSTRAINT `insentif_ibfk_2` FOREIGN KEY (`id_pengirim`) REFERENCES `karyawan` (`id`) ON DELETE CASCADE ON UPDATE CASCADE;

--
-- Constraints for table `karyawan_bulanan`
--
ALTER TABLE `karyawan_bulanan`
  ADD CONSTRAINT `karyawan_bulanan_ibfk_1` FOREIGN KEY (`jabatan`) REFERENCES `jabatan` (`id`) ON DELETE CASCADE ON UPDATE CASCADE;

--
-- Constraints for table `lembur`
--
ALTER TABLE `lembur`
  ADD CONSTRAINT `lembur_ibfk_1` FOREIGN KEY (`id_karyawan_bul`) REFERENCES `karyawan_bulanan` (`id`) ON DELETE CASCADE ON UPDATE CASCADE;

--
-- Constraints for table `pengajuan_insentif_borongan`
--
ALTER TABLE `pengajuan_insentif_borongan`
  ADD CONSTRAINT `pengajuan_insentif_borongan_ibfk_1` FOREIGN KEY (`id_insentif`) REFERENCES `insentif` (`id`) ON DELETE CASCADE ON UPDATE CASCADE;

--
-- Constraints for table `pengajuan_upah_borongan`
--
ALTER TABLE `pengajuan_upah_borongan`
  ADD CONSTRAINT `pengajuan_upah_borongan_ibfk_1` FOREIGN KEY (`id_upah`) REFERENCES `upah` (`id`) ON DELETE CASCADE ON UPDATE CASCADE;

--
-- Constraints for table `upah`
--
ALTER TABLE `upah`
  ADD CONSTRAINT `upah_ibfk_1` FOREIGN KEY (`id_distribusi`) REFERENCES `distribusi` (`id`) ON DELETE CASCADE ON UPDATE CASCADE,
  ADD CONSTRAINT `upah_ibfk_2` FOREIGN KEY (`id_pengirim`) REFERENCES `karyawan` (`id`) ON DELETE CASCADE ON UPDATE CASCADE;

--
-- Constraints for table `upah_bulanan`
--
ALTER TABLE `upah_bulanan`
  ADD CONSTRAINT `upah_bulanan_ibfk_1` FOREIGN KEY (`id_karyawan`) REFERENCES `karyawan` (`id`) ON DELETE CASCADE ON UPDATE CASCADE;
COMMIT;

/*!40101 SET CHARACTER_SET_CLIENT=@OLD_CHARACTER_SET_CLIENT */;
/*!40101 SET CHARACTER_SET_RESULTS=@OLD_CHARACTER_SET_RESULTS */;
/*!40101 SET COLLATION_CONNECTION=@OLD_COLLATION_CONNECTION */;
